"Core_Speed","Max_Power","Memory","Memory_Bandwidth","Memory_Speed","Process"
738,141,1024,64,1000,55
980,105,256,36.8,1150,65
980,45,256,22.4,700,65
980,50,256,35.2,1100,65
870,190,2048,134.4,1050,55
980,150,2048,160,1250,28
980,32,64,2.9,366,28
650,250,6144,177.6,925,40
705,225,5120,168,1050,28
706,245,12288,288.4,1502,28
980,105,64,5.8,360,28
1050,150,3072,57.6,900,28
980,300,8192,320,1250,28
732,235,6144,249.6,1300,28
300,28,2048,34.1,1067,14
575,238,6144,144,750,40
575,247,6144,144,750,40
300,15,2048,34.1,1067,14
575,238,3072,144,750,40
300,28,2048,34.1,1067,14
300,15,2048,34.1,1067,14
300,47,2048,29.9,933,14
300,28,2048,34.1,1067,14
300,15,2048,34.1,1067,14
300,28,2048,34.1,1067,14
300,15,2048,34.1,1067,14
300,47,2048,29.9,933,14
300,47,2048,25.6,800,14
980,250,2048,480,1250,16
300,47,2048,29.9,933,14
300,47,2048,29.9,933,14
980,250,12288,547.2,1425,16
837,250,6144,288.4,1502,28
705,375,12288,672,1750,28
980,375,12288,672,1750,28
705,375,12288,672,1750,28
980,375,12288,672,1750,28
1140,250,12288,336.6,1753,28
902,105,6144,317.2,1652,28
1000,250,12288,336.6,1753,28
1127,250,12288,336.6,1753,28
928,265,6144,288.4,1502,28
1000,300,12288,384,500,16
837,250,6144,288.4,1502,28
837,250,6144,288.4,1502,28
937,265,6144,288.4,1502,28
837,250,6144,288.4,1502,28
889,250,6144,336,1750,28
980,105,2048,28.8,900,32
837,250,6144,288.4,1502,28
837,250,6144,288.4,1502,28
980,105,2048,28.8,900,28
980,105,2048,107.05,1150,28
980,105,1024,28.8,900,28
980,105,1024,28.8,900,28
980,105,64,8.8,550,28
980,105,256,3.2,200,28
980,105,128,4.3,270,28
980,105,128,4.3,270,28
980,105,128,6.4,400,28
980,105,128,3.2,200,28
980,105,128,3.2,200,28
980,28,64,4,250,28
980,105,512,72,1125,28
980,105,1024,41.6,650,28
980,105,256,28.8,450,28
980,105,64,8,500,28
980,105,1024,111.1,868,28
980,105,512,35.2,1100,28
980,105,512,51.2,800,28
980,105,128,9.9,310,28
980,105,128,11.2,350,28
980,105,256,16,500,28
980,105,256,6.4,400,28
980,105,128,6.4,400,28
980,105,128,16,500,28
980,225,4096,176,1375,28
980,105,128,3.2,200,28
980,75,2048,102.4,800,28
980,274,6144,264,1375,28
980,154,2048,115.2,900,28
980,150,4096,153.6,1200,28
980,150,2048,160,1250,28
630,26,2048,28.8,900,28
980,151,1024,108.8,850,28
980,138,2048,128,1000,28
980,75,2048,128,1000,40
980,105,64,3.2,200,28
980,74,1024,64,1000,40
980,56,512,28.8,900,55
980,48,256,22.4,700,55
980,105,128,2.3,290,28
900,225,12288,264,1375,28
980,250,4096,147.2,1150,28
900,225,6144,264,1375,28
980,150,4096,153.6,1200,28
980,274,3072,264,1375,28
980,175,3072,240,1250,28
980,75,1024,28.8,900,40
980,65,2048,34.1,1067,28
980,225,4096,153.6,1200,28
980,95,2048,34.1,1067,28
980,95,2048,34.1,1067,28
980,95,2048,34.1,1067,28
980,95,2048,34.1,1067,28
825,375,6144,240,1250,28
980,160,2048,108.8,850,55
980,150,2048,128,1000,55
980,105,2048,51.2,800,55
980,65,2048,34.1,1067,28
980,150,1024,63.6,993,55
980,65,2048,34.1,1067,28
980,35,2048,34.1,1067,28
757,95,2048,34.1,1067,28
720,95,2048,34.1,1067,28
980,25,2048,25.6,800,28
980,100,2048,34.1,1067,32
980,65,2048,29.9,933,28
980,25,2048,25.6,800,28
720,65,2048,34.1,1067,40
980,65,2048,29.9,933,28
760,65,2048,34.1,1067,40
980,65,2048,29.9,933,28
980,105,2048,107.05,1150,28
980,105,2048,29.9,933,28
980,65,2048,29.9,933,32
980,105,2048,29.9,933,28
980,105,2048,107.05,1150,28
760,65,2048,34.1,1067,40
980,65,2048,25.6,800,28
980,65,2048,107.05,1150,28
980,65,2048,107.05,1150,28
980,25,256,8,500,65
980,100,2048,107.05,1150,28
980,25,256,6.4,400,65
980,35,256,16,500,65
980,25,256,107.05,1150,28
980,20,256,6.4,400,65
980,105,256,6.4,400,65
980,105,2048,5.3,333,28
870,190,1024,134.4,1050,55
980,64,2048,29.9,933,28
1000,190,1024,134.4,1050,55
980,20,256,6.4,400,65
901,190,1024,128,1000,55
960,190,1024,134.4,1050,55
750,150,1024,115.2,900,55
850,190,1024,124.8,975,55
980,150,512,115.2,900,55
780,150,512,121.6,950,55
625,250,2048,63.6,993,55
650,105,1024,64,1000,55
980,130,512,96,750,55
700,105,512,70.4,1100,55
625,110,1024,63.6,993,55
640,110,512,60.2,940,55
700,105,1024,63.4,990,55
625,110,512,63.6,993,55
575,95,512,57.6,900,55
575,95,512,57.6,900,55
750,59,1024,27.9,873,55
750,80,512,51.2,800,40
980,110,512,57.6,900,55
980,105,512,57.6,900,55
980,75,512,51.2,800,40
750,59,1024,25.6,800,55
750,59,1024,25.6,800,55
750,59,512,32.1,1004,55
600,48,1024,24,750,55
600,48,1024,22.4,700,55
750,59,1024,25.6,800,55
600,20,512,6.4,400,55
980,48,512,12.8,400,55
980,48,1024,12.8,400,55
600,25,256,12.8,800,55
600,20,1024,8,500,55
600,25,512,12.8,800,55
750,59,512,25.6,800,55
600,20,512,6.4,400,55
980,105,2048,107.05,1150,55
980,105,2048,107.05,1150,55
650,105,1024,57.6,900,55
500,75,768,24,500,55
500,50,512,16,500,55
980,105,2048,107.05,1150,55
825,165,1024,57.6,900,55
777,106,512,72.1,1126,55
980,140,1024,106,828,55
980,75,256,26.6,830,55
980,75,256,26.6,830,55
980,105,512,107.05,1150,55
567,35,512,8,500,65
980,75,256,53.1,830,55
980,65,256,25.6,800,55
980,105,2048,107.05,1150,28
980,30,256,15.2,950,55
980,75,512,53.1,830,55
980,65,256,107.05,1150,55
980,145,1536,163.2,850,55
980,25,256,8,500,55
980,105,2048,107.05,1150,55
980,105,2048,107.05,1150,55
980,105,2048,3.2,400,55
980,105,2048,107.05,1150,55
300,47,128,29.9,933,14
300,28,2048,29.9,933,14
300,15,2048,34.1,1067,14
980,12,2048,17.1,533,28
300,28,2048,34.1,1067,14
980,125,4096,174.3,1362,28
723,125,4096,160,1250,28
850,100,4096,153.6,1200,28
980,105,2048,8.5,533,28
723,125,4096,160,1250,28
900,100,4096,160,1250,28
850,200,4096,307.2,1200,28
980,35,2048,8.5,533,28
280,9,2048,8.5,533,40
700,100,2048,128,1000,40
980,35,1024,25.6,800,55
700,50,1024,64,1000,40
625,39,1024,64,1000,40
500,24,1024,25.6,800,40
850,100,4096,153.6,1200,28
650,26,1024,25.6,800,40
650,30,1024,51.2,800,40
450,15,1024,25.6,800,40
750,15,1024,12.8,800,40
980,35,1024,25.6,800,55
980,20,1024,19.2,600,55
980,15,1024,12.8,800,55
980,15,512,12.8,800,40
980,10,1024,9.6,600,55
850,200,4096,307.2,1200,28
980,15,1024,14.4,900,40
675,11,1024,12.8,800,40
850,100,2048,153.6,1200,28
980,13,512,12.8,800,55
980,35,1024,28.8,900,40
500,7,1024,12.8,800,40
550,25,1024,51.2,800,40
980,50,2048,72,1125,28
980,45,2048,72,1125,28
850,35,2048,64,1000,28
980,35,2048,32,1000,28
775,20,2048,72,1125,28
980,45,2048,32,1000,28
620,20,2048,64,1000,28
775,105,1024,36,1125,28
650,15,1024,32,1000,28
670,20,2048,28.8,900,28
775,105,1024,14.4,900,28
650,105,1024,36,1125,28
980,105,1024,14.4,900,28
775,105,2048,14.4,900,28
680,75,2048,115.2,900,40
980,25,2048,25.6,800,28
580,50,1024,115.2,900,40
675,50,1024,25.6,800,40
575,39,2048,25.6,800,40
675,50,1024,64,1000,40
725,35,2048,51.2,800,40
715,100,2048,115.2,900,40
725,35,1024,51.2,800,40
600,105,512,51.2,800,40
600,105,1024,51.2,800,40
600,105,1024,25.6,800,40
650,30,1024,51.2,800,40
725,39,1024,25.6,800,40
485,26,1024,25.6,800,40
600,26,1024,25.6,800,40
800,11,1024,12.8,800,40
750,14,512,25.6,800,40
500,26,1024,25.6,800,40
600,11,1024,12.8,800,40
750,11,1024,12.8,800,40
500,7,1024,14.4,900,40
480,11,1024,12.8,800,40
500,7,1024,12.8,800,40
980,15,2048,25.6,800,28
980,8,2048,17.1,533,28
980,15,2048,25.6,800,28
980,18,2048,107.05,1150,40
980,4,2048,17.1,533,28
980,9,2048,25.6,800,40
980,9,2048,107.05,1150,40
980,8,2048,107.05,1150,28
700,75,2048,128,1000,28
980,15,2048,21.3,667,28
980,18,2048,107.05,1150,40
675,40,2048,64,1000,28
800,45,2048,64,1000,28
675,32,2048,64,1000,28
850,100,2048,153.6,1200,28
850,200,4096,307.2,1200,28
575,25,2048,28.8,900,28
725,25,1024,57.6,900,40
600,20,1024,28.8,900,40
500,20,1024,28.8,900,40
600,20,2048,28.8,900,40
575,28,1024,64,1000,28
675,32,1024,64,1000,28
725,20,1024,28.8,900,40
450,20,1024,25.6,800,40
450,20,1024,25.6,800,40
450,14,1024,25.6,800,40
600,18,1024,25.6,800,40
450,11,1024,12.8,800,40
450,11,1024,14.4,900,40
500,14,2048,14.4,900,40
500,13,1024,25.6,800,40
600,7,1024,14.4,900,40
700,7,1024,14.4,900,40
800,7,512,14.4,900,40
800,9,1024,30.4,950,40
750,11,1024,12.8,800,40
523,18,2048,10.7,667,40
500,7,1024,14.4,900,40
500,5,1024,12.8,800,40
500,18,2048,8.5,533,40
980,75,2048,64,1000,28
980,50,2048,64,1000,28
980,35,2048,64,1000,28
980,50,2048,64,1000,28
980,50,2048,64,1000,28
715,35,2048,64,1000,28
800,35,2048,32,1000,28
940,35,2048,16,1000,28
620,35,4096,28.8,900,28
725,30,4096,32,1000,28
925,20,4096,16,1000,28
980,17,1024,14.4,900,28
980,13,1024,14.4,900,28
780,20,4096,16,1000,28
1000,105,2048,16,1000,28
980,105,256,12.8,400,28
980,105,256,32,500,28
980,105,256,30.1,470,28
980,105,128,12.8,400,28
980,105,128,8,250,28
980,105,128,8,250,28
900,75,4096,88,1375,28
1000,75,4096,96,1500,28
980,105,256,15,470,28
1000,75,4096,96,1500,28
900,75,4096,72,1125,28
980,50,4096,64,1000,28
625,50,4096,64,1000,28
943,25,2048,16,1000,28
1000,75,2048,35.2,1100,28
1000,50,2048,17.6,1100,28
980,105,256,12.8,400,28
1000,50,4096,17.6,1100,28
1070,25,2048,17.6,1100,28
1000,25,2048,16,1000,28
780,20,2048,16,1000,28
1000,25,4096,16,1000,28
900,75,4096,88,1375,28
1000,75,4096,96,1500,28
980,14,2048,10.7,333,28
980,12,2048,17.1,533,28
980,105,128,2,250,28
1070,25,4096,17.6,1100,28
980,105,2048,107.05,1150,28
980,35,2048,17.1,533,28
980,105,128,4,250,28
980,105,128,11.2,350,28
980,105,2048,107.05,166,28
980,18,2048,12.8,400,28
980,18,2048,12.8,400,28
980,35,2048,17.1,533,28
980,35,2048,17.1,533,28
980,35,2048,17.1,533,28
980,35,2048,17.1,533,28
980,35,2048,17.1,533,28
980,35,2048,17.1,533,28
980,35,2048,17.1,533,28
300,15,2048,34.1,1067,14
350,35,2048,34.1,1067,14
300,15,2048,29.9,933,14
300,15,2048,34.1,1067,14
350,35,2048,34.1,1067,14
300,15,2048,29.9,933,14
400,47,2048,25.6,800,22
400,47,2048,25.6,800,22
400,47,2048,25.6,800,22
980,35,2048,21.3,667,28
980,35,2048,21.3,667,28
980,17,2048,21.3,667,28
980,35,2048,17.1,533,28
980,35,2048,21.3,667,28
980,105,2048,17.1,533,28
400,47,2048,25.6,800,22
980,35,2048,8.5,533,28
300,5,2048,29.9,933,14
300,5,2048,29.9,933,14
300,5,2048,29.9,933,14
300,5,2048,29.9,933,14
300,5,2048,25.6,800,14
300,5,2048,25.6,800,14
980,35,2048,17.1,533,28
300,5,2048,25.6,800,14
300,15,2048,34.1,1067,14
350,35,2048,34.1,1067,14
300,5,2048,25.6,800,14
980,17,2048,21.3,667,28
980,35,2048,21.3,667,28
980,35,2048,21.3,667,28
980,105,1720,21.3,667,28
980,105,2048,8.5,533,28
350,45,2048,34.1,1067,14
350,45,2048,34.1,1067,14
300,5,2048,25.6,800,14
350,45,2048,34.1,1067,14
300,15,2048,34.1,1067,14
300,47,2048,29.9,933,14
980,105,2048,107.05,1150,28
350,45,2048,34.1,1067,14
350,5,2048,21.3,667,32
980,45,2048,25.6,800,22
300,15,2048,34.1,1067,14
980,7,2048,107.05,1150,28
980,4,2048,25.6,800,22
320,6,2048,25.6,800,14
311,10,2048,21.3,667,22
980,35,2048,8.5,533,28
980,15,2048,107.05,1067,14
300,15,2048,34.1,1067,14
300,15,2048,29.9,933,14
300,37,2048,29.9,933,14
300,15,2048,34.1,1067,14
350,45,2048,34.1,1067,14
300,5,2048,25.6,800,14
300,5,2048,29.9,933,14
300,15,2048,34.1,1067,14
300,15,2048,34.1,1067,14
650,55,2048,25.6,800,22
980,105,2048,107.05,1150,32
980,105,2048,25.6,800,28
980,20,2048,25.6,800,22
980,35,2048,17.1,533,28
300,47,2048,25.6,800,14
980,35,2048,17.1,533,28
300,15,2048,25.6,800,14
300,15,2048,29.9,933,14
300,15,2048,29.9,933,14
980,105,2048,12.8,800,28
300,15,2048,25.6,800,14
650,45,2048,12.8,800,22
980,105,2048,12.8,800,28
300,28,2048,29.9,933,14
980,105,2048,12.8,800,28
980,45,2048,25.6,800,28
980,105,2048,12.8,800,28
980,105,2048,12.8,800,28
980,105,2048,12.8,800,28
980,105,2048,12.8,800,28
980,105,2048,10.7,667,28
980,105,2048,10.7,667,28
980,105,2048,10.7,667,28
980,105,2048,12.8,800,28
980,105,2048,10.7,667,28
980,105,2048,12.8,800,28
980,105,2048,12.8,800,28
980,105,2048,10.7,667,28
980,35,2048,107.05,1150,28
980,105,2048,107.05,1150,28
980,105,2048,8.5,533,28
980,105,2048,107.05,1150,28
300,15,2048,34.1,1067,14
980,50,2048,107.05,1150,28
980,105,2048,17.1,533,28
980,13,2048,8.5,533,28
980,105,2048,10.7,667,28
980,105,2048,107.05,1150,28
980,105,2048,107.05,1150,28
980,110,1024,108.8,1700,28
980,65,1024,89.6,700,55
980,130,2048,179.2,700,55
980,105,2048,107.05,1150,28
980,45,1024,107.05,1150,28
980,16,512,16,500,28
980,12,256,11.2,700,28
980,25,2048,21.3,667,32
980,35,2048,25.6,800,32
980,10,256,11.2,700,28
980,35,2048,29.9,933,32
660,35,2048,28.8,900,40
980,105,64,1.1,275,28
980,35,2048,107.05,1150,28
980,27,64,1.6,200,28
980,75,1024,51.2,800,28
980,150,2048,102.4,800,65
980,130,1024,102.4,800,65
980,150,2048,102.4,800,28
980,75,1024,51.2,800,65
980,60,512,51.2,800,28
980,45,512,25.6,800,28
980,65,512,51.2,800,65
980,60,512,51.2,800,28
980,23,1024,25.6,800,28
980,23,1024,25.6,800,28
980,20,1024,25.6,800,28
980,20,1024,25.6,800,28
980,13,256,11.2,700,28
980,105,64,107.05,1150,28
980,12,256,107.05,1150,28
980,105,2048,107.05,1150,28
980,12,2048,107.05,1150,28
980,13,256,11.2,700,28
980,105,64,0.9765625,250,28
980,12,2048,107.05,1150,28
980,105,64,0.859375,220,28
980,35,1024,25.3,790,40
980,105,32,0.78125,200,28
980,35,512,25.6,800,28
980,105,128,3.2,200,28
980,75,1024,51.2,800,65
980,25,512,12.8,800,40
980,100,2048,64,1000,65
980,70,1024,51.2,800,65
980,75,1024,64,1000,65
980,15,256,5.6,350,28
980,45,512,44.8,700,28
980,45,1024,38.4,600,28
980,45,1024,70.4,1100,40
980,50,512,25.6,800,28
980,30,1024,20.8,650,28
980,45,512,32,500,28
980,65,512,51.2,800,28
980,105,2048,107.05,1150,28
980,105,2048,107.05,1150,28
771,100,8192,115.5,902,28
601,100,4096,89.6,700,28
850,105,1024,14.4,900,28
601,100,4096,96,750,28
654,75,2048,89.6,700,28
745,55,2048,28.8,900,28
980,100,4096,166.4,1300,40
706,45,2048,44.8,700,28
706,75,4096,102.4,800,28
850,45,2048,28.8,900,28
980,100,2048,153.6,1200,40
980,75,2048,80,625,40
550,55,2048,28.8,900,40
980,100,2048,153.6,1200,40
625,105,1024,14.4,900,40
980,45,2048,28.8,900,40
980,35,1024,25.6,800,40
810,105,1024,12.8,800,40
980,14,512,12.8,800,40
980,14,512,12.8,800,40
980,10,512,11.2,700,28
800,15,2048,34.1,1067,28
980,10,512,107.05,1150,28
980,19,2048,25.6,800,28
980,20,2048,25.6,800,28
847,15,2048,29.9,933,28
980,35,2048,29.9,933,28
800,35,2048,34.1,1067,28
980,20,2048,25.6,800,28
980,35,2048,29.9,933,28
980,5,2048,10.7,667,28
980,20,2048,25.6,800,28
980,20,2048,25.6,800,28
980,15,2048,14.9,933,28
980,15,2048,12.8,800,28
980,17,2048,25.6,800,28
980,15,2048,12.8,800,28
980,15,2048,12.8,800,28
980,4,2048,8.5,533,28
980,17,2048,25.6,800,28
980,15,2048,14.9,933,28
980,5,2048,10.7,667,28
980,10,2048,10.7,667,28
980,85,2048,86.4,1800,28
980,50,2048,16,1000,32
980,50,2048,16,1000,32
533,105,2048,21.3,667,32
720,50,2048,25.6,800,32
980,50,2048,16,1000,32
980,105,2048,28.8,900,28
980,105,2048,28.8,900,28
980,50,1024,16,1000,32
980,105,1024,25.6,800,28
980,105,2048,28.8,900,28
980,105,1024,107.05,1150,28
980,105,2048,28.8,900,28
980,105,2048,25.6,800,28
980,105,2048,28.8,900,28
980,105,1024,28.8,900,28
980,105,2048,107.05,1150,28
980,105,1024,107.05,1150,28
980,105,2048,21.3,667,28
980,40,2048,107.05,1150,28
980,105,2048,107.05,1150,28
980,105,512,107.05,1150,28
980,105,1024,107.05,1150,28
980,35,2048,25.6,800,32
980,35,2048,107.05,1150,40
980,25,2048,21.3,667,28
980,19,2048,21.3,667,28
980,17,2048,21.3,667,28
980,17,2048,21.3,667,28
980,35,2048,25.6,800,28
980,105,2048,107.05,1150,32
980,35,2048,25.6,800,28
980,35,2048,25.6,800,28
980,35,2048,25.6,800,32
980,35,2048,25.6,800,28
980,105,2048,107.05,1150,28
980,105,2048,107.05,1150,28
980,105,2048,107.05,1150,28
980,105,1024,25.6,800,28
980,12,512,11.2,700,28
980,20,512,25.6,800,28
980,55,1024,54.4,850,28
980,10,512,11.2,700,28
980,105,1024,22.4,700,28
980,14,512,12.8,800,28
980,29,512,25.6,800,28
980,12,512,9.6,600,28
980,105,2048,10.6,330,28
980,105,2048,15.2,475,28
980,105,2048,3.2,200,28
980,105,1024,64,1000,28
980,75,2048,115.2,900,28
980,105,1024,64,1000,28
980,30,1024,57.6,900,28
825,50,2048,72,1125,28
980,105,1024,51.2,800,28
980,75,2048,72,1125,28
980,50,2048,72,1125,28
980,33,2048,64,1000,28
980,105,2048,107.05,1150,28
980,7,512,9.6,600,28
980,105,128,4,250,28
980,20,2048,14.4,900,28
980,105,64,3.2,200,28
980,105,128,4.4,275,28
980,105,512,107.05,1150,28
980,105,2048,107.05,1150,28
980,105,256,107.05,1150,28
980,105,256,24,750,28
980,105,64,3.2,200,28
980,105,256,19.2,600,28
980,105,256,22.4,700,28
980,105,128,12.8,400,28
980,105,256,11.2,700,28
980,55,512,54.4,850,28
980,30,512,25.6,800,28
980,30,512,22.4,700,28
980,105,256,8,500,28
980,45,512,48,750,28
980,12,256,12.8,800,28
980,105,256,107.05,1150,28
980,10,256,11.2,700,28
980,12,256,11.2,700,28
980,8,256,11.2,700,28
980,105,2048,107.05,1150,28
980,65,512,51.2,800,65
980,130,2048,204.8,800,65
980,50,512,51.2,800,65
980,89,256,35.2,550,28
954,122,8192,160,1250,28
980,45,512,38.4,600,28
980,105,64,2.8,350,28
980,65,512,35.2,550,28
980,45,512,44.8,700,28
575,200,4096,192,750,40
954,122,4096,160,1250,28
980,20,512,32,500,28
980,60,1024,51.2,800,55
980,200,4096,192,750,40
980,150,3072,120,625,40
575,75,1536,72,750,40
590,35,3072,43.2,900,40
620,100,2048,96,750,40
753,35,1024,50.2,784,40
775,75,1536,60,625,40
675,35,2048,28.8,900,40
740,35,2048,28.8,900,40
672,35,1024,28.8,900,40
590,35,1536,43.2,900,40
672,35,2048,28.8,900,40
740,35,1024,28.8,900,40
600,23,1024,28.8,900,40
600,25,2048,28.8,900,40
672,12,1024,12.8,800,40
740,12,1024,12.8,800,40
585,75,1024,60.8,950,55
600,75,1024,64,1000,65
900,20,1024,14.4,900,40
550,65,1024,60.8,950,65
980,130,2048,121.6,950,55
550,38,1024,57.6,900,40
500,28,1024,51.2,800,40
980,150,2048,121.6,950,55
1442,150,8192,256.3,2002,16
1290,75,4096,112.1,1752,14
550,23,1024,25.6,800,40
1480,220,11264,484.4,1376,16
1354,75,2048,112.1,1752,14
625,14,512,12.8,800,40
500,23,1024,25.6,800,40
1404,120,6144,192.2,2002,16
980,150,2048,65.3,1020,55
980,23,1024,25.6,800,55
980,45,1024,64,1000,55
500,14,1024,25.6,800,55
980,14,512,8,500,65
980,14,512,11.2,700,28
980,14,2048,6.4,400,65
980,23,1024,107.05,1150,55
575,100,2048,96,750,40
425,100,2048,76.8,600,40
425,200,4096,153.6,600,40
535,150,3072,120,625,40
535,75,1536,60,625,40
570,35,1024,40,625,40
980,14,1024,11.2,700,55
590,35,3072,38.4,800,40
675,100,3072,120,625,40
590,35,1024,25.6,800,40
650,35,1024,25.6,800,40
560,23,1024,25.6,800,40
675,50,1536,60,625,40
941,100,6144,120,1250,28
1556,180,8192,320.3,1251,16
575,12,1024,12.8,800,40
500,23,512,25.6,800,40
500,12,512,25.6,800,40
1029,50,4096,80,1250,28
606,14,512,12.8,800,40
876,45,2048,80.2,1253,28
936,45,4096,32,1000,28
1029,120,4096,160.4,1253,28
1029,33,2048,16,1001,28
980,38,1024,57.6,900,40
625,15,2048,14.4,900,28
980,28,1024,51.2,800,40
980,28,1024,34.1,1066,40
1029,33,2048,16,1001,28
980,23,1024,34.1,1066,40
980,23,1024,34.1,1066,40
850,33,2048,14.4,900,28
450,23,2048,21.3,667,40
980,14,1024,25.3,790,40
936,45,2048,32,1000,28
625,14,512,12.6,790,40
606,14,512,12.6,790,40
941,100,3072,120,1250,28
775,15,1024,14.4,900,28
525,14,512,11.2,700,40
719,100,1024,160,1250,28
720,100,4096,115.2,900,28
600,100,2048,115.2,900,28
719,122,2048,160,1250,28
980,200,4096,230.4,900,28
620,100,2048,96,750,40
980,200,4096,192,750,40
1029,60,2048,80.2,1253,28
980,150,6144,134.4,700,28
606,14,1024,10.7,667,40
598,75,1536,72,750,40
598,75,3072,72,750,40
601,75,3072,67.2,700,28
835,50,2048,64,1000,28
745,90,4096,128,1000,28
900,45,1024,80.3,1254,28
710,32,2048,28.8,900,28
753,32,2048,50.2,785,40
500,20,1024,28.8,900,28
850,45,1024,28.8,900,28
625,32,2048,28.8,900,28
650,35,2048,28.8,900,40
660,33,1024,28.8,900,40
660,33,1024,28.8,900,40
625,15,2048,14.4,900,28
660,25,1024,28.8,900,40
672,35,2048,28.8,900,40
625,15,1024,14.4,900,28
800,20,2048,12.8,800,40
800,33,2048,57.6,900,40
1082,25,2048,14.4,900,28
900,20,1024,14.4,900,40
625,12,1024,14.4,900,28
672,12,1024,14.4,900,40
980,200,8192,320,1250,28
771,122,4096,160,1250,28
980,150,4096,192,1000,28
811,75,3072,96.2,1002,28
675,35,2048,28.8,900,40
797,125,4096,128,1000,28
719,100,2048,115.2,900,28
628,100,4096,128,1000,28
850,65,2048,64.1,1002,28
980,100,4096,172.8,1350,28
628,55,2048,64.1,1002,28
967,50,2048,28.8,900,28
926,50,2048,80.2,1253,28
967,80,4096,160,1250,28
967,50,2048,28.8,900,28
941,50,2048,64,1000,28
837,45,2048,28.8,900,28
810,45,2048,28.8,900,28
837,45,2048,28.8,900,28
980,50,2048,86.4,1350,28
980,33,2048,14.4,900,28
810,45,2048,28.8,900,28
719,33,2048,28.8,900,28
725,33,2048,28.8,900,28
775,33,2048,14.4,900,28
575,17,2048,14.4,900,28
775,15,1024,14.4,900,28
625,33,1024,14.4,900,28
745,45,2048,64,1000,28
1038,122,8192,160.4,1253,28
1038,100,8192,160.4,1253,28
1038,100,4096,160.4,1253,28
924,75,3072,120.3,1253,28
924,150,12288,240.6,1253,28
924,81,3072,120.3,1253,28
924,81,6144,120.3,1253,28
924,100,4096,160,1250,28
1064,165,4096,224,1750,28
1029,50,4096,80.2,1253,28
924,50,4096,80,1250,28
1029,50,2048,80.2,1253,28
738,20,1024,14.4,900,40
993,50,2048,32,1000,28
1122,25,2048,16,1001,28
928,40,2048,32,1000,28
993,50,4096,28.8,900,28
980,70,2048,80,1250,28
775,15,1024,14.4,900,40
928,25,2048,40,1250,28
914,50,2048,80,1250,28
1072,30,2048,16,1000,28
888,25,2048,36,1125,28
928,25,2048,14.4,900,28
1072,25,4096,16,1000,28
575,25,4096,14.4,900,28
980,25,2048,14.4,900,28
575,25,2048,14.4,900,28
980,35,256,35.2,550,28
980,105,512,16,500,28
980,105,64,11.2,700,28
980,105,256,19.2,600,28
954,25,1024,14.4,900,28
980,105,128,7.2,450,28
980,105,256,17.6,550,28
980,105,256,9.6,300,28
980,105,512,12.2,380,28
980,105,32,2.8,350,28
980,105,2048,107.05,1150,28
980,105,2048,107.05,1150,28
980,10,32,2.4,300,28
980,105,2048,107.05,1150,28
980,105,320,107.05,1150,28
980,105,256,16,500,28
980,105,2048,107.05,1150,28
980,105,2048,107.05,1150,28
980,65,2048,12.8,800,14
980,105,2048,21.3,667,28
980,73,2048,10.7,667,28
980,105,2048,21.3,667,28
980,105,2048,17.1,533,28
980,45,2048,107.05,1150,28
980,105,2048,107.05,1150,65
350,47,2048,34.1,1067,14
980,105,2048,107.05,1150,28
980,200,8192,256,500,14
980,375,8192,256,500,14
980,105,2048,107.05,1150,28
980,300,6144,480,1250,28
980,105,256,75.5,1180,28
980,225,6144,264,1375,28
1000,290,8192,352,1375,28
980,150,4096,153.6,1200,28
1000,175,4096,512,500,28
1000,290,4096,320,1250,28
980,105,2048,3.2,400,28
1000,375,4096,512,500,28
1050,275,4096,512,500,28
1000,275,4096,512,500,28
1090,300,8192,384,1500,28
1060,300,8192,384,1500,28
1050,275,8192,384,1500,28
1055,375,8192,384,1500,28
1080,375,8192,384,1500,28
1060,375,8192,384,1500,28
1070,300,8192,384,1500,28
1100,300,8192,390.4,1525,28
1100,275,8192,390.4,1525,28
1060,300,8192,384,1500,28
1070,375,8192,384,1500,28
1060,300,8192,384,1500,28
1000,275,8192,384,1500,28
1050,275,8192,384,1500,28
1010,300,8192,384,1500,28
1050,275,8192,384,1500,28
1010,375,8192,384,1500,28
1040,375,8192,384,1500,28
1025,275,8192,384,1500,28
1060,275,8192,390.4,1525,28
1050,300,8192,384,1500,28
1030,225,4096,185.6,1450,28
990,190,4096,182.4,1425,28
1000,275,8192,384,1500,28
1010,300,8192,384,1500,28
1040,225,4096,192,1500,28
1020,190,4096,182.4,1425,28
1000,300,8192,384,1500,28
990,190,4096,182.4,1425,28
1020,225,4096,188.8,1475,28
980,190,4096,182.4,1425,28
970,190,4096,182.4,1425,28
970,190,4096,182.4,1425,28
980,225,2048,176,1375,28
1030,190,4096,182.4,1425,28
990,190,4096,182.4,1425,28
980,190,2048,188.8,1475,28
980,190,4096,188.8,1475,28
985,225,4096,185.6,1450,28
990,190,4096,182.4,1425,28
985,225,2048,176,1375,28
980,190,2048,176,1375,28
1000,190,4096,185.6,1450,28
990,190,4096,182.4,1425,28
980,190,2048,176,1375,28
1000,190,2048,179.2,1400,28
970,400,4096,352,1375,28
990,190,4096,182.4,1425,28
918,190,2048,176,1375,28
980,190,4096,188.8,1475,28
990,190,2048,176,1375,28
925,150,2048,179.2,1400,28
985,300,8192,358.4,1400,28
1000,180,2048,179.2,1400,28
970,190,2048,176,1375,28
985,150,2048,179.2,1400,28
1020,220,8192,364.8,1425,28
985,150,2048,179.2,1400,28
985,150,4096,179.2,1400,28
970,110,2048,179.2,1400,28
935,110,2048,182.4,1425,28
990,190,4096,176,1375,28
1020,110,4096,182.4,1425,28
1000,85,2048,104,1625,28
1000,110,2048,182.4,1425,28
925,225,4096,358.4,1400,28
1000,150,4096,179.2,1400,28
1100,120,2048,104,1625,28
975,110,2048,179.2,1400,28
1000,150,2048,179.2,1400,28
925,110,2048,179.2,1400,28
1060,150,2048,104,1625,28
1050,100,2048,112,1750,28
1100,100,2048,96,1500,28
1050,100,2048,104,1625,28
1050,100,2048,96,1500,28
1060,100,2048,105.6,1650,28
1050,100,2048,96,1500,28
1070,100,2048,104,1625,28
1060,150,2048,96,1500,28
1200,150,2048,104,1625,28
1050,200,4096,192,1500,28
1070,50,2048,96,1500,28
1070,100,2048,104,1625,28
730,50,2048,28.8,900,28
1050,100,2048,104,1625,28
800,65,2048,72,1125,28
830,50,2048,28.8,900,28
1050,75,2048,96,1500,28
1000,65,2048,73.6,1150,28
1050,300,4096,320,1250,28
1030,290,8192,352,1375,28
1080,290,4096,361,1410,28
1040,290,4096,332.8,1300,28
1000,65,1024,73.6,1150,28
1040,290,4096,345.6,1350,28
1030,105,4096,320,1250,28
1080,290,4096,320,1250,28
1040,290,4096,320,1250,28
1040,105,8192,640,1250,28
1040,290,8192,320,1250,28
1030,250,4096,320,1250,28
1050,300,4096,345.6,1350,28
1040,290,4096,320,1250,28
1000,290,4096,320,1250,28
1050,375,4096,345.6,1350,28
980,250,4096,320,1250,28
1000,300,4096,320,1250,28
1030,275,4096,358.4,1400,28
947,250,4096,320,1250,28
975,250,4096,320,1250,28
1000,275,4096,332.8,1300,28
975,250,4096,320,1250,28
1007,275,4096,320,1250,28
947,275,4096,320,1250,28
1040,275,4096,345.6,1350,28
1040,105,8192,640,1250,28
1040,275,4096,320,1250,28
1040,275,4096,320,1250,28
975,250,4096,320,1250,28
1000,275,4096,320,1250,28
928,190,2048,179.2,1400,28
918,190,2048,176,1375,28
918,190,2048,176,1375,28
947,275,4096,320,1250,28
918,190,2048,176,1375,28
965,190,2048,179.2,1400,28
945,190,2048,176,1375,28
945,190,2048,176,1375,28
973,190,2048,179.2,1400,28
954,190,2048,179.2,1400,28
918,190,2048,176,1375,28
850,250,3072,288,1500,28
1000,250,3072,297.6,1550,28
973,190,2048,179.2,1400,28
850,250,3072,288,1500,28
1020,250,3072,288,1500,28
1000,250,3072,288,1500,28
1100,250,3072,307.2,1600,28
1000,250,6144,288,1500,28
870,250,3072,288,1500,28
950,250,3072,297.6,1550,28
1000,250,3072,288,1500,28
1000,250,3072,288,1500,28
880,250,3072,288,1500,28
1000,250,3072,288,1500,28
950,375,3072,307.2,1600,28
1000,280,3072,288,1500,28
970,250,3072,307.2,1600,28
925,280,3072,288,1500,28
850,250,3072,288,1500,28
933,200,3072,249.6,1300,28
855,200,3072,240,1250,28
847,200,3072,240,1250,28
950,225,3072,240,1250,28
933,200,3072,240,1250,28
855,200,3072,240,1250,28
874,200,3072,249.6,1300,28
850,200,3072,240,1250,28
850,250,3072,288,1500,28
980,400,6144,480,1250,28
1000,180,4096,179.2,1400,28
1050,180,2048,185.6,1450,28
1050,180,2048,185.6,1450,28
1030,180,2048,179.2,1400,28
1100,180,2048,192,1500,28
1020,180,4096,179.2,1400,28
1020,180,2048,179.2,1400,28
827,200,3072,240,1250,28
1100,180,2048,192,1500,28
1060,180,2048,182.4,1425,28
1100,180,2048,179.2,1400,28
1030,180,2048,179.2,1400,28
1150,180,2048,179.2,1400,28
1030,105,8192,358.4,1400,28
1030,180,4096,358.4,1400,28
1030,180,2048,179.2,1400,28
1030,180,2048,179.2,1400,28
1100,180,2048,179.2,1400,28
1050,180,8192,358.4,1400,28
1030,180,2048,179.2,1400,28
1030,175,2048,179.2,1400,28
1050,180,4096,179.2,1400,28
1050,180,2048,179.2,1400,28
1000,180,2048,179.2,1400,28
1050,225,4096,179.2,1400,28
1000,360,4096,358.4,1400,28
900,150,2048,179.2,1400,28
920,105,2048,179.2,1400,28
1030,180,4096,179.2,1400,28
930,105,2048,179.2,1400,28
900,175,2048,179.2,1400,28
900,150,2048,179.2,1400,28
950,175,2048,179.2,1400,28
950,175,2048,179.2,1400,28
925,150,2048,179.2,1400,28
950,175,2048,179.2,1400,28
900,300,4096,358.4,1400,28
1070,180,2048,179.2,1400,28
900,150,2048,179.2,1400,28
930,300,4096,358.4,1400,28
930,146,2048,179.2,1400,28
930,105,2048,104,1625,28
980,115,2048,104,1625,28
900,150,2048,179.2,1400,28
900,150,2048,179.2,1400,28
1008,150,2048,179.2,1400,28
900,150,2048,179.2,1400,28
980,300,4096,358.4,1400,28
930,150,2048,179.2,1400,28
1100,115,2048,102.4,1600,28
930,146,2048,179.2,1400,28
900,150,2048,179.2,1400,28
1160,115,2048,105.6,1650,28
900,150,2048,179.2,1400,28
1250,150,2048,107.05,1750,14
1000,250,2048,107.05,500,14
1120,150,8192,256,2000,14
1000,85,2048,80,1250,28
1120,150,8192,256,2000,14
1120,150,4096,224,1750,14
1120,150,8192,256,2000,14
1150,175,2048,107.05,500,14
1030,85,2048,80,1250,28
1030,85,2048,80,1250,28
1188,85,2048,80,1250,28
980,300,4096,358.4,1400,28
1050,85,2048,80,1250,28
1075,85,2048,80,1250,28
1000,85,2048,80,1250,28
1075,105,1024,102.4,1600,28
1075,105,2048,102.4,1600,28
1050,105,2048,96,1500,28
1050,105,2048,96,1500,28
1175,105,2048,96,1500,28
1050,105,2048,96,1500,28
1050,105,1024,96,1500,28
1075,105,1024,102.4,1600,28
1000,105,1024,96,1500,28
1000,105,2048,96,1500,28
1030,105,1024,96,1500,28
1100,105,2048,96,1500,28
1050,105,1024,96,1500,28
1000,105,2048,96,1500,28
1000,105,1024,96,1500,28
1075,105,1024,96,1500,28
1075,105,1024,102.4,1600,28
1000,105,1024,96,1500,28
1160,115,2048,105.6,1650,28
1100,115,2048,104,1625,28
1188,115,2048,104,1625,28
1188,115,2048,104,1625,28
1150,120,2048,105.6,1650,28
1188,115,2048,112,1750,28
1175,115,2048,104,1625,28
1160,105,2048,105.6,1650,28
1100,230,4096,208,1625,28
1100,115,2048,104,1625,28
1100,115,2048,104,1625,28
1120,150,8192,256,2000,14
1120,150,4096,224,1750,14
1208,150,8192,256,2000,14
1208,150,4096,224,1750,14
1120,150,4096,224,1750,14
1120,150,8192,256,2000,14
1120,120,4096,224,1750,14
1120,150,8192,256,2000,14
1120,150,8192,256,2000,14
1120,150,8192,256,2000,14
1120,150,4096,224,1750,14
1120,150,4096,224,1750,14
1120,150,8192,256,2000,14
1120,150,4096,224,1750,14
1120,150,8192,256,2000,14
1120,150,8192,256,2000,14
1120,120,4096,224,1750,14
1120,150,8192,256,2000,14
1000,95,2048,96,1500,28
1120,150,8192,256,2000,14
1120,120,4096,224,1750,14
1050,95,1024,96,1500,28
1120,120,4096,224,1750,14
950,80,1024,72,1125,28
1120,150,8192,256,2000,14
1100,80,1024,83.2,1300,28
1000,80,1024,72,1125,28
1050,80,1024,72,1125,28
950,83,1024,72,1125,28
1000,80,1024,72,1125,28
950,160,4096,144,1125,28
1020,80,2048,72,1125,28
1000,80,1024,72,1125,28
800,61,1024,72,1125,28
800,75,1024,72,1125,28
800,55,1024,72,1125,28
1020,80,2048,73.6,1150,28
1000,65,2048,25.6,800,28
950,80,2048,72,1125,28
1000,65,2048,28.8,900,28
1050,65,2048,28.8,900,28
1000,65,1024,25.6,800,28
1000,65,2048,28.8,900,28
1120,150,8192,256,2000,14
1000,48,2048,28.8,900,28
1000,65,2048,28.8,900,28
1120,150,8192,256,2000,14
1120,150,8192,256,2000,14
1120,150,8192,256,2000,14
1120,150,4096,224,1750,14
1120,150,8192,256,2000,14
1120,120,4096,224,1750,14
1120,150,8192,256,2000,14
1120,150,4096,224,1750,14
1120,150,4096,224,1750,14
1120,150,8192,256,2000,14
1120,150,8192,256,2000,14
1120,150,8192,256,2000,14
1120,150,8192,256,2000,14
1120,150,8192,256,2000,14
1120,150,8192,256,2000,14
926,120,4096,224,1750,14
1120,120,4096,224,1750,14
926,120,4096,224,1750,14
1000,65,1024,73.6,1150,28
1050,75,1024,73.6,1150,28
926,120,4096,211.2,1650,14
926,120,4096,224,1750,14
1000,130,2048,147.2,1150,28
1000,65,2048,73.6,1150,28
1050,65,1024,73.6,1150,28
1000,65,1024,73.6,1150,28
1000,65,1024,73.6,1150,28
1000,65,2048,73.6,1150,28
1000,65,1024,73.6,1150,28
1000,130,2048,147.2,1150,28
1000,65,1024,73.6,1150,28
730,35,4096,21.3,667,28
1050,65,2048,73.6,1150,28
730,35,2048,25.6,800,28
1000,59,1024,73.6,1150,28
730,30,1024,73.6,1150,28
730,30,2048,72,1125,28
730,30,2048,73.6,1150,28
730,30,1024,72,1125,28
730,35,1024,28.8,900,28
730,35,1024,28.8,900,28
926,120,4096,224,1750,14
750,30,2048,28.8,900,28
1121,120,8192,256,2000,14
1143,120,4096,224,1750,14
926,120,4096,224,1750,14
926,110,4096,211.2,1650,14
926,120,4096,211.2,1650,14
926,110,4096,211.2,1650,14
926,110,8192,211.2,1650,14
926,120,4096,211.2,1650,14
926,110,2048,211.2,1650,14
926,120,4096,211.2,1650,14
926,120,4096,211.2,1650,14
926,120,4096,211.2,1650,14
1090,75,4096,112,1750,14
1090,75,4096,112,1750,14
980,75,2048,112,1750,14
926,120,4096,211.2,1650,14
1090,75,4096,112,1750,14
1090,75,2048,112,1750,14
926,120,4096,211.2,1650,14
1090,150,2048,112,1750,14
1090,75,2048,112,1750,14
1090,75,4096,112,1750,14
980,75,2048,112,1750,14
1090,150,4096,112,1750,14
980,75,2048,112,1750,14
980,75,2048,112,1750,14
1090,75,4096,107.05,1750,14
980,75,2048,112,1750,14
980,75,2048,112,1750,14
1090,75,4096,112,1750,14
1090,75,4096,112,1750,14
980,75,4096,112,1750,14
980,75,2048,112,1750,14
1090,75,4096,112,1750,14
980,75,2048,112,1750,14
750,30,2048,28.8,900,28
980,75,2048,107.05,1750,14
760,35,2048,28.8,900,28
1090,75,2048,107.05,1750,14
730,35,2048,28.8,900,28
730,30,2048,28.8,900,28
780,30,2048,28.8,900,28
730,35,4096,28.8,900,28
770,35,4096,28.8,900,28
730,30,1024,25.6,800,28
730,35,2048,28.8,900,28
775,35,1024,14.4,900,40
875,37,1024,14.4,900,40
625,19,1024,12.8,800,40
625,19,2048,10.7,667,40
625,19,1024,10.7,667,40
625,19,2048,8,500,40
625,19,1024,8,500,40
625,19,2048,8,500,40
625,19,1024,10.7,667,40
650,19,2048,9.6,600,40
625,19,1024,8.5,533,40
625,19,1024,8.5,533,40
980,105,256,69.1,1080,28
625,19,1024,9.6,600,40
980,105,256,69.1,1080,28
980,105,256,64,1000,28
825,30,1024,16,1000,28
650,19,1024,8.5,533,40
980,105,256,71.7,1120,28
980,105,256,62.7,980,28
980,105,256,51.2,800,28
980,105,256,125.4,980,28
980,105,128,9.6,600,28
980,105,128,6.4,400,28
980,105,256,57.6,900,28
980,105,256,8,500,28
980,105,256,62.7,980,28
980,295,8192,256,500,14
1090,75,4096,107.05,1750,14
980,105,128,11.2,700,28
980,150,8192,256,2000,14
980,105,16,1,130,28
980,150,8192,256,2000,14
980,150,4096,224,1750,14
980,105,32,2.3,143,28
980,150,8192,256,2000,14
980,150,8192,256,2000,14
980,150,8192,256,2000,14
980,150,8192,256,2000,14
980,150,8192,256,2000,14
980,150,8192,224,1750,14
980,150,8192,256,2000,14
980,150,8192,224,1750,14
980,150,8192,256,2000,14
980,150,4096,224,1750,14
980,150,8192,256,2000,14
980,150,8192,256,2000,14
980,150,8192,256,2000,14
980,150,8192,256,2000,14
980,150,4096,224,1750,14
980,150,8192,256,2000,14
980,150,8192,256,2000,14
980,150,4096,224,1750,14
980,150,8192,256,2000,14
980,150,4096,224,1750,14
980,150,8192,256,2000,14
980,150,8192,256,2000,14
980,150,8192,256,2000,14
980,150,8192,256,2000,14
980,150,4096,224,1750,14
980,150,4096,224,1750,14
980,150,8192,256,2000,14
980,150,8192,256,2000,14
980,150,4096,224,1750,14
980,150,8192,256,2000,14
980,150,8192,256,2000,14
980,150,8192,256,2000,14
980,150,8192,256,2000,14
980,150,8192,256,2000,14
980,150,4096,224,1750,14
980,195,8192,224,1750,14
980,195,4096,224,1750,14
980,120,4096,224,1750,14
980,150,8192,256,2000,14
980,120,4096,224,1750,14
980,120,8192,224,1750,14
980,120,4096,224,1750,14
980,120,4096,224,1750,14
980,120,4096,224,1750,14
980,120,4096,224,1750,14
980,120,8192,224,1750,14
980,120,8192,224,1750,14
980,120,4096,224,1750,14
980,120,8192,224,1750,14
980,120,4096,224,1750,14
980,120,4096,224,1750,14
980,120,4096,224,1750,14
980,120,4096,224,1750,14
980,120,4096,224,1750,14
980,120,4096,224,1750,14
980,120,4096,224,1750,14
980,120,4096,224,1750,14
980,120,8192,224,1750,14
980,120,4096,224,1750,14
980,120,4096,224,1750,14
1175,80,4096,112,1750,14
1175,80,4096,112,1750,14
980,75,2048,107.05,1750,14
1175,80,2048,112,1750,14
1175,80,2048,112,1750,14
1175,80,4096,112,1750,14
1175,80,2048,112,1750,14
1175,80,2048,112,1750,14
1175,80,2048,112,1750,14
1175,80,4096,112,1750,14
1175,45,4096,112,1750,14
1175,80,4096,112,1750,14
1180,80,2048,112,1750,14
1175,80,4096,112,1750,14
1180,80,4096,112,1750,14
1180,80,2048,112,1750,14
1175,80,2048,112,1750,14
1175,80,2048,112,1750,14
1180,80,4096,112,1750,14
1175,80,4096,112,1750,14
1175,80,2048,112,1750,14
1180,75,4096,112,1750,14
1175,80,4096,112,1750,14
1175,80,4096,112,1750,14
1175,80,2048,112,1750,14
1175,75,4096,112,1750,14
1175,75,4096,112,1750,14
1180,80,2048,112,1750,14
1175,75,4096,112,1750,14
1175,80,2048,112,1750,14
1175,75,4096,112,1750,14
1175,75,4096,112,1750,14
1175,80,4096,112,1750,14
1175,80,2048,112,1750,14
1175,75,2048,112,1750,14
1175,75,2048,112,1750,14
1090,75,4096,107.05,1750,14
1090,75,2048,107.05,1750,14
980,66,512,44.2,690,28
980,125,512,64,1000,28
980,96,512,57.6,900,28
980,105,128,107.05,1150,28
980,135,512,49.6,775,28
980,57,256,38.4,600,28
980,105,256,64,1000,28
980,100,256,46.4,725,28
980,105,256,64,1000,28
980,75,256,42.2,660,28
980,70,256,64,500,28
980,42,512,25.6,800,28
980,105,256,44.8,700,28
980,113,512,44.8,700,28
980,48,256,31.7,495,28
980,75,256,38.4,600,28
980,44,256,22.4,700,28
980,48,512,31.7,495,28
980,55,256,22.4,700,28
980,105,128,12.8,400,28
980,27,512,12.8,400,28
980,42,256,22.1,690,28
980,105,256,6.4,400,28
980,41,512,12.5,390,28
980,22,256,12.8,400,28
980,31,256,6.4,400,28
980,105,2048,107.05,1150,28
980,14,2048,107.05,1150,28
980,24,128,1.6,200,28
980,105,64,2,250,28
980,105,2048,107.05,1150,28
980,105,256,4,250,28
980,24,2048,107.05,1150,28
980,25,2048,107.05,1150,28
980,19,2048,107.05,1150,28
980,24,2048,107.05,1150,28
980,13,2048,107.05,1150,28
980,17,2048,107.05,1150,28
980,105,2048,107.05,1150,28
980,28,2048,107.05,1150,28
980,17,2048,107.05,1150,28
980,6,2048,1.1,133,28
980,105,2048,107.05,1150,28
980,105,2048,107.05,167,28
980,27,256,12.8,400,28
980,45,2048,107.05,1150,28
980,105,2048,107.05,1150,28
980,84,2048,25.6,800,22
980,17,2048,107.05,1150,28
980,86,2048,25.6,800,22
980,105,2048,25.6,800,22
980,45,2048,25.6,800,22
980,105,2048,21.3,667,32
350,47,2048,34.1,1067,14
980,65,2048,25.6,800,22
350,15,2048,34.1,1066,14
980,10,2048,21.3,667,22
350,91,2048,34.1,1067,14
400,88,2048,25.6,800,22
980,105,2048,25.6,800,22
980,20,2048,25.6,800,22
980,4,2048,25.6,800,22
650,77,2048,25.6,800,22
980,105,2048,12.8,800,22
850,95,2048,21.3,667,32
980,105,2048,107.05,1150,28
980,105,2048,107.05,1150,28
980,105,2048,107.05,1150,28
350,47,2048,34.1,1067,14
850,95,2048,21.3,667,32
350,47,2048,34.1,1067,14
980,105,2048,6.4,400,28
980,105,2048,10.7,667,28
980,105,2048,10.7,667,28
350,47,2048,34.1,1067,14
980,105,2048,21.3,667,28
980,105,2048,10.7,667,28
980,105,2048,10.7,667,28
980,105,2048,10.7,667,28
980,35,2048,10.7,667,28
980,105,2048,17.1,533,28
980,65,2048,10.7,667,28
980,105,2048,10.7,667,28
980,65,2048,21.3,667,28
980,65,2048,10.7,667,28
980,105,2048,17.1,533,28
350,35,2048,34.1,1067,14
980,105,2048,17.1,533,28
350,65,2048,34.1,1067,14
350,91,2048,34.1,1067,14
350,35,2048,34.1,1067,14
650,77,2048,25.6,800,22
350,88,2048,25.6,800,22
650,77,2048,25.6,800,22
650,77,2048,25.6,800,22
850,95,2048,21.3,667,32
650,77,2048,25.6,800,22
850,95,2048,21.3,667,32
850,95,2048,21.3,667,32
980,8,2048,25.6,800,28
350,35,2048,34.1,1067,14
850,95,2048,21.3,667,32
350,47,2048,34.1,1067,14
350,47,2048,34.1,1067,14
980,55,2048,21.3,667,22
350,65,2048,34.1,1067,14
980,73,2048,10.7,667,28
980,73,2048,10.7,667,28
350,65,2048,34.1,1067,14
350,65,2048,34.1,1067,14
350,91,2048,34.1,1067,14
980,87,2048,10.7,667,28
350,35,2048,34.1,1067,14
980,73,2048,10.7,667,28
980,73,2048,10.7,667,28
350,35,2048,34.1,1067,14
350,65,2048,34.1,1067,14
350,65,2048,34.1,1067,14
980,95,2048,10.7,667,28
980,105,2048,12.8,800,28
980,95,2048,10.7,667,28
980,95,2048,10.7,667,28
980,105,2048,10.7,667,28
980,105,2048,12.8,800,28
980,65,128,14.9,933,14
980,95,2048,10.7,667,28
980,28,2048,25.6,800,22
980,65,2048,10.7,667,28
350,54,2048,34.1,1067,14
980,65,2048,10.7,667,28
980,73,2048,10.7,667,28
980,95,2048,10.7,667,28
980,28,2048,25.6,800,22
950,375,6144,576,1500,28
950,375,6144,576,1500,28
980,40,512,11.2,700,28
830,105,4096,320,1250,40
980,19,1024,6.4,400,40
1000,230,3072,273.6,1425,28
550,20,512,14,875,40
980,189,4096,102.4,800,65
980,35,512,11.2,700,28
980,105,2048,107.05,1150,28
980,385,2048,256,1000,65
902,225,12288,288.4,1502,28
773,120,8192,192.3,1502,28
980,105,16,0.78125,100,28
902,150,8192,192,1000,28
706,122,4096,172.8,1350,28
667,45,1024,28.8,900,28
706,108,4096,172.8,1350,28
667,68,4096,80,1250,28
876,41,1024,29,905,28
876,41,1024,29,905,28
876,41,1024,28.8,900,28
980,150,1536,76.8,800,28
574,204,6144,143.4,747,40
980,142,2048,89.9,702,40
980,40,1024,25.6,800,40
625,62,1024,41.6,650,40
706,38,512,14.3,891,28
980,32,512,12.8,800,40
980,20,2048,8.5,1066,65
738,141,512,70.4,1100,55
980,197,1024,128,1000,65
625,62,1024,41.6,650,40
513,152,2560,120,750,40
600,200,2048,115.2,900,65
550,75,512,57.6,900,65
980,280,1024,140.8,1100,65
675,140,512,70.4,1100,65
600,105,512,57.6,900,65
600,50,512,25.6,400,65
600,105,1024,57.6,900,65
980,84,768,38.4,800,65
650,95,512,57.6,900,65
980,90,512,43.2,900,65
980,50,512,25.6,800,55
980,84,384,38.4,800,65
980,105,768,24,500,65
980,105,512,16,500,28
980,105,2048,107.05,1150,28
650,95,1024,57.6,900,65
980,50,1024,12.8,400,65
980,105,512,8,500,65
980,12,2048,107.05,1150,65
980,105,512,8,500,65
980,50,512,12.8,400,65
980,84,512,51.2,800,28
980,49,256,42.2,660,28
980,108,512,54.4,850,28
980,81,512,42.2,660,28
980,40,256,22.4,700,28
980,65,256,32,500,28
980,105,128,12.8,400,28
980,49,256,38.4,600,28
980,27,256,12.8,400,28
980,27,256,25.6,800,28
980,23,256,6.4,400,28
980,23,256,5.3,333,28
980,24,256,10.4,325,28
980,105,256,4.8,300,28
980,105,2048,5.3,334,28
980,105,2048,107.05,1150,28
980,105,128,2.8,350,28
980,105,256,4.3,533,28
980,12,2048,107.05,1150,40
650,135,512,51.2,800,65
980,270,1024,102.4,800,65
600,105,512,57.6,900,65
980,105,384,38.4,800,65
520,40,1024,9.6,600,40
520,40,512,8,500,40
520,25,512,6.4,400,40
980,105,32,2.9,183,28
567,25,512,6.4,400,65
980,105,32,1.2,150,28
980,105,32,2.4,150,28
980,105,32,2.7,166,28
980,18,512,12.6,790,40
550,20,512,14,875,40
980,105,16,1.8,110,28
980,23,256,11.2,700,28
980,105,64,107.05,1150,28
830,375,4096,320,1250,40
830,375,4096,320,1250,40
980,105,2048,107.05,125,28
900,250,2048,179.2,1400,40
880,250,2048,176,1375,40
880,250,2048,176,1375,40
880,250,2048,176,1375,40
940,250,2048,176,1375,40
880,250,2048,176,1375,40
880,250,2048,176,1375,40
880,250,2048,176,1375,40
890,250,2048,176,1375,40
800,200,2048,160,1250,40
800,200,2048,160,1250,40
800,105,2048,160,1250,40
800,105,1024,160,1250,40
800,200,2048,160,1250,40
800,105,2048,160,1250,40
800,200,1024,160,1250,40
980,400,4096,320,1250,40
840,105,2048,163.8,1280,40
870,200,1024,160,1250,40
925,105,1024,134.4,1050,40
980,105,2048,268.8,1050,40
900,150,2048,134.4,1050,40
900,105,1024,134.4,1050,40
930,105,1024,134.4,1050,40
920,251,1024,134.4,1050,40
800,200,2048,160,1250,40
900,105,1024,134.4,1050,40
900,105,1024,134.4,1050,40
940,151,1024,147.2,1150,40
915,225,1024,134.4,1050,40
900,302,2048,268.8,1050,40
915,251,1024,134.4,1050,40
775,105,1024,128,1000,40
800,105,1024,134.4,1050,40
800,105,1024,134.4,1050,40
775,105,1024,128,1000,40
900,151,1024,134.4,1050,40
820,105,1024,140.8,1100,40
775,127,1024,128,1000,40
860,105,1024,140.8,1100,40
800,105,1024,128,1000,40
820,105,1024,140.8,1100,40
820,105,1024,134.4,1050,40
775,105,1024,128,1000,40
820,105,1024,134.4,1050,40
790,105,1024,128,1000,40
980,105,2048,256,1000,40
820,1,1024,140.8,1100,40
775,127,1024,128,1000,40
840,105,1024,134.4,1050,40
840,105,1024,134.4,1050,40
900,105,1024,140.8,1100,40
850,105,1024,76.8,1200,40
840,150,1024,134.4,1050,40
850,108,1024,76.8,1200,40
850,108,1024,76.8,1200,40
800,105,1024,70.4,1100,40
850,108,1024,76.8,1200,40
980,206,2048,153.6,1200,28
850,108,1024,76.8,1200,40
850,108,1024,76.8,1200,40
700,86,2048,25.6,800,40
700,86,1024,73.6,1150,40
700,86,1024,25.6,800,40
700,86,1024,64,1000,40
700,86,2048,21.3,667,40
700,86,1024,73.6,1150,40
700,86,1024,73.6,1150,40
800,66,1024,64,1000,40
820,66,1024,28.8,900,40
740,86,1024,76.8,1200,40
800,66,2048,21.3,667,40
800,66,1024,25.6,800,40
800,66,2048,19.2,600,40
800,66,2048,25.6,800,40
800,66,1024,25.6,800,40
800,66,1024,64,1000,40
800,66,1024,25.6,800,40
800,66,1024,64,1000,40
800,66,2048,25.6,800,40
800,66,1024,64,1000,40
800,66,1024,64,1000,40
800,66,1024,64,1000,40
650,44,1024,20.8,650,40
650,44,1024,21.3,667,40
650,44,2048,16,500,40
800,66,1024,64,1000,40
650,44,1024,28.8,900,40
810,66,1024,64,1000,40
650,44,1024,16,500,40
650,44,1024,25.6,800,40
650,44,1024,21.3,667,40
650,44,1024,28.8,900,40
650,44,4096,25.6,800,40
650,18,2048,9.3,580,40
625,25,1024,8.5,533,40
625,18,1024,12.8,800,40
625,18,2048,10.7,667,40
675,18,1024,12.8,800,40
625,18,2048,10.7,667,40
625,18,512,8.5,533,40
750,18,512,25.6,800,40
750,18,512,28.8,900,40
625,18,512,25.6,800,40
625,18,1024,9.6,600,40
650,19,512,12.8,800,40
980,40,512,25.6,800,28
650,60,1024,64,1000,40
625,18,1024,10.7,667,40
650,19,1024,12.8,800,40
980,96,1024,36.8,575,28
980,109,512,36.8,575,28
980,28,512,12.8,800,40
980,108,1024,51.2,800,28
980,34,256,22.4,700,28
980,78,512,51.2,800,65
980,30,128,19.2,600,28
980,80,256,42.2,660,28
980,101,256,28.8,450,28
980,83,256,64,1000,28
980,70,128,9.6,300,28
980,59,768,38.4,800,28
625,18,1024,10.7,667,40
980,105,256,13.6,425,28
980,55,128,8.8,275,28
980,105,128,9.6,300,28
980,105,128,5.2,325,28
980,294,4096,256,1000,40
900,188,1024,153.6,1200,40
980,294,2048,256,1000,40
980,105,128,12.8,400,28
980,350,2048,307.2,1200,40
980,65,256,40,625,28
850,300,1024,153.6,1200,40
850,195,2048,153.6,1200,40
765,151,1024,144,1125,40
760,151,1024,134.4,1050,40
735,105,1024,134.4,1050,40
980,150,1536,76.8,800,65
725,151,1024,128,1000,40
850,188,1024,153.6,1200,40
980,175,1024,128,1000,40
860,108,1024,76.8,1200,40
980,300,2048,256,1000,40
765,151,1024,128,1000,40
980,206,2048,153.6,1200,28
725,185,2048,128,1000,40
850,108,1024,76.8,1200,40
765,151,1024,144,1125,40
725,151,1024,128,1000,40
850,105,1024,76.8,1200,40
850,150,1024,76.8,1200,40
875,105,1024,76.8,1200,40
850,108,512,76.8,1200,40
725,105,1024,128,1000,40
980,105,1024,153.6,1200,40
775,105,1024,64,1000,40
980,86,512,73.6,1150,40
800,105,1024,60.8,950,40
980,86,1024,73.6,1150,40
850,108,1024,76.8,1200,40
950,105,1024,64,1000,40
980,64,1024,25.6,800,40
980,105,1024,25.6,800,40
775,64,1024,64,1000,40
775,64,1024,64,1000,40
980,64,1024,25.6,800,40
980,39,512,28.8,900,40
980,105,2048,25.6,800,40
980,61,512,64,1000,40
775,105,1024,64,1000,40
980,42,1024,28.8,900,40
980,105,1024,10.7,667,40
980,105,1024,7.2,450,40
980,19,256,6.4,400,40
980,39,1024,64,1000,40
980,39,512,64,1000,40
925,300,3072,264,1375,28
980,105,512,12.8,800,40
955,105,3072,264,1375,28
980,40,2048,6.4,400,40
1050,250,3072,273.6,1425,28
980,20,512,6.4,400,40
950,230,3072,273.6,1425,28
1100,105,3072,273.6,1425,28
1050,250,3072,273.6,1425,28
1080,105,3072,264,1375,28
1010,105,3072,264,1375,28
1100,265,6144,288,1500,28
925,105,3072,264,1375,28
1000,105,3072,288,1500,28
1050,105,3072,288,1500,28
1050,105,6144,288,1500,28
1000,230,3072,264,1375,28
1050,105,3072,288,1500,28
1000,105,3072,288,1500,28
1070,300,3072,288,1500,28
1000,250,3072,288,1500,28
1070,230,3072,268.8,1400,28
1000,300,3072,268.8,1400,28
925,105,3072,264,1375,28
1050,250,3072,288,1500,28
925,300,3072,264,1375,28
925,250,3072,264,1375,28
1050,300,3072,316.8,1650,28
900,105,3072,240,1250,28
900,105,3072,240,1250,28
900,105,3072,240,1250,28
950,105,3072,240,1250,28
880,105,3072,240,1250,28
880,105,3072,240,1250,28
860,200,3072,240,1250,28
850,105,3072,240,1250,28
880,105,3072,240,1250,28
980,105,6144,480,1250,28
830,105,3072,240,1250,28
880,200,3072,240,1250,28
925,200,3072,264,1375,28
800,105,3072,240,1250,28
900,160,3072,240,1250,28
800,105,3072,240,1250,28
860,105,6144,480,1250,28
860,105,3072,240,1250,28
900,105,3072,264,1375,28
900,225,3072,240,1250,28
800,360,6144,480,1250,28
850,200,3072,240,1250,28
850,105,6144,480,1250,28
850,200,3072,240,1250,28
900,225,3072,240,1250,28
925,105,2048,192,1500,28
925,185,2048,192,1500,28
800,200,3072,240,1250,28
925,350,4096,384,1500,28
925,185,2048,192,1500,28
1000,105,2048,153.6,1200,28
1050,105,4096,320,1250,28
1050,105,2048,153.6,1200,28
1100,175,2048,156.8,1225,28
1000,175,2048,153.6,1200,28
1050,105,2048,160,1250,28
1150,105,2048,160,1250,28
1100,105,2048,160,1250,28
1050,105,2048,153.6,1200,28
1100,105,2048,160,1250,28
1030,105,2048,153.6,1200,28
1100,105,2048,153.6,1200,28
1100,105,2048,153.6,1200,28
1100,175,2048,153.6,1200,28
1000,105,2048,153.6,1200,28
1010,105,2048,154.9,1210,28
1000,105,2048,153.6,1200,28
1100,175,2048,153.6,1200,28
1000,350,4096,307.2,1200,28
1050,105,2048,160,1250,28
1000,175,2048,153.6,1200,28
1000,175,2048,153.6,1200,28
1000,175,2048,153.6,1200,28
860,105,1024,160,1250,28
975,105,2048,160,1250,28
975,105,1024,153.6,1200,28
860,105,2048,160,1250,28
1000,175,2048,153.6,1200,28
1000,105,1024,156.8,1225,28
900,105,2048,153.6,1200,28
860,130,2048,153.6,1200,28
920,130,2048,160,1250,28
1000,105,2048,153.6,1200,28
950,105,2048,153.6,1200,28
900,105,1024,153.6,1200,28
1000,105,2048,156.8,1225,28
1000,105,2048,160,1250,28
975,130,2048,153.6,1200,28
900,105,2048,153.6,1200,28
900,105,1024,153.6,1200,28
860,130,2048,153.6,1200,28
860,130,2048,153.6,1200,28
975,105,2048,160,1250,28
1000,150,2048,153.6,1200,28
860,260,4096,307.2,1200,28
870,105,2048,154.9,1210,28
860,130,1024,153.6,1200,28
910,130,2048,153.6,1200,28
860,105,2048,153.6,1200,28
860,105,2048,153.6,1200,28
860,105,1024,160,1250,28
860,130,2048,153.6,1200,28
980,105,1024,102.4,1600,28
980,105,2048,102.4,1600,28
980,105,1024,96,1500,28
980,105,2048,102.4,1600,28
980,105,2048,96,1500,28
980,105,2048,102.4,1600,28
980,105,1024,96,1500,28
980,105,1024,102.4,1600,28
980,105,2048,102.4,1600,28
980,105,1024,96,1500,28
980,105,1024,102.4,1600,28
1000,80,1024,72,1125,28
1095,105,1024,79.7,1245,28
980,85,1024,96,1500,28
1000,105,1024,72,1125,28
1000,170,2048,192,1500,28
1150,80,1024,80,1250,28
980,105,2048,102.4,1600,28
1150,105,1024,80,1250,28
1100,105,1024,83.2,1300,28
1000,80,1024,72,1125,28
1100,105,1024,72,1125,28
1000,105,1024,72,1125,28
1000,105,1024,72,1125,28
1000,150,1024,72,1125,28
1150,105,1024,72,1125,28
1000,105,1024,72,1125,28
1020,105,1024,73.6,1150,28
1050,105,1024,72,1125,28
1100,105,1024,80,1250,28
1120,105,1024,73.6,1150,28
1020,150,1024,73.6,1150,28
1000,105,1024,72,1125,28
1120,105,1024,83.2,1300,28
1020,150,2048,73.6,1150,28
1000,80,2048,72,1125,28
800,105,1024,72,1125,28
1000,160,2048,144,1125,28
800,105,1024,72,1125,28
800,105,2048,25.6,800,28
800,105,1024,72,1125,28
800,55,1024,72,1125,28
1000,80,1024,72,1125,28
800,55,1024,72,1125,28
800,105,1024,25.6,800,28
800,105,1024,72,1125,28
800,105,4096,25.6,800,28
830,105,1024,72,1125,28
800,105,2048,25.6,800,28
900,105,1024,72,1125,28
800,55,1024,72,1125,28
830,105,1024,72,1125,28
880,105,1024,72,1125,28
850,105,2048,25.6,800,28
800,61,1024,72,1125,28
800,110,2048,144,1125,28
800,55,1024,72,1125,28
900,105,1024,72,1125,28
800,47,1024,28.8,900,28
820,105,1024,73.6,1150,28
800,47,4096,20.8,650,28
800,47,2048,28.8,900,28
800,47,2048,25.6,800,28
840,150,1024,134.4,1050,40
800,47,2048,28.8,900,28
980,33,1024,28.8,900,40
980,45,1024,64,1000,40
900,75,1024,73.6,1150,28
800,47,1024,72,1125,28
800,66,2048,25.6,800,40
650,60,1024,51.2,800,40
800,66,1024,64,1000,40
650,60,1024,25.6,800,40
650,44,1024,28.8,900,40
750,18,512,28.8,900,40
980,18,1024,12.8,800,40
650,19,512,12.8,800,40
980,25,2048,12.8,800,40
625,18,512,8.5,533,40
900,150,2048,179.2,1400,28
1000,175,2048,153.6,1200,28
980,85,1024,96,1500,28
925,250,3072,264,1375,28
980,200,3072,240,1250,28
800,55,2048,72,1125,28
1000,80,2048,72,1125,28
1000,75,2048,73.6,1150,28
625,18,512,8.5,533,40
750,18,512,28.8,900,40
650,25,512,12.8,800,40
730,30,2048,28.8,900,28
980,105,256,11.2,350,28
980,124,256,35.2,550,28
980,105,128,5.1,320,28
980,105,32,2.7,166,28
980,39,128,11.2,350,28
874,29,1024,13.2,825,40
607,365,3072,327.9,854,40
576,289,1792,225.8,1008,55
980,105,128,4,250,28
980,75,256,16.3,510,55
600,289,1792,235.9,1053,55
980,69,1024,54.4,850,40
980,31,512,6.4,400,40
980,33,512,12.6,790,40
980,43,1024,25.3,790,40
1006,195,4096,192.3,1502,28
915,300,4096,384,1500,28
915,385,4096,384.5,1502,28
1216,200,4096,225.5,1762,28
1110,105,2048,211.5,1652,28
1006,195,4096,192.3,1502,28
993,105,4096,384.5,1502,28
1084,105,2048,201.6,1575,28
1058,195,2048,192.3,1502,28
1006,195,4096,192.3,1502,28
1006,195,4096,192.3,1502,28
1084,215,2048,201.6,1575,28
1006,215,4096,192.3,1502,28
1480,220,11264,484.4,1376,16
980,390,4096,384.5,1502,28
1607,180,8192,320.3,1251,16
1480,220,11264,484.4,1376,16
576,289,1792,223.8,999,55
1480,220,11264,484.4,1376,16
1569,220,11264,484.4,1376,16
1480,220,11264,484.4,1376,16
1480,220,11264,484.4,1376,16
1506,250,11264,484.4,1376,16
1569,220,11264,489.3,1390,16
1480,220,11264,484.4,1376,16
1480,220,11264,484.4,1376,16
1480,220,11264,484.4,1376,16
1506,220,11264,484.4,1376,16
1480,220,11264,484.4,1376,16
1531,250,11264,484.4,1376,16
1480,220,11264,484.4,1376,16
1607,220,11264,502,1426,16
1480,220,11264,484.4,1376,16
1569,220,11264,502,1426,16
1569,220,11264,502,1426,16
1480,220,11264,484.4,1376,16
1480,220,11264,484.4,1376,16
1531,220,11264,484.4,1376,16
1480,220,11264,484.4,1376,16
1480,220,11264,484.4,1376,16
1607,220,11264,502,1426,16
1480,250,11264,484.4,1376,16
1506,250,11264,484.4,1376,16
1607,220,11264,494.2,1404,16
1480,220,11264,484.4,1376,16
1518,220,11264,484.4,1376,16
1480,220,11264,484.4,1376,16
1556,220,11264,484.4,1376,16
1556,220,11264,484.4,1376,16
1480,220,11264,484.4,1376,16
1480,220,11264,484.4,1376,16
1480,220,11264,484.4,1376,16
1480,220,11264,484.4,1376,16
1569,220,11264,484.4,1376,16
1480,220,11264,484.4,1376,16
1594,220,11264,488.6,1388,16
1582,220,11264,488.6,1388,16
1480,220,11264,484.4,1376,16
1480,220,11264,484.4,1376,16
1607,180,8192,320.3,1251,16
1607,180,8192,320.3,1251,16
1607,180,8192,320.3,1251,16
1607,180,8192,320,1250,16
1607,180,8192,320.3,1251,16
1480,220,11264,484.4,1376,16
1607,180,8192,320.3,1251,16
1607,180,8192,320,1250,16
1607,180,8192,320.3,1251,16
1607,180,8192,320.3,1251,16
1480,220,11264,484.4,1376,16
1607,180,8192,320.3,1251,16
1607,180,8192,320.3,1251,16
1607,180,8192,320.3,1251,16
1506,150,8192,272,2125,16
1607,220,8192,256.3,2002,16
1506,150,8192,256.3,2002,16
1607,150,8192,259.5,2027,16
1607,150,8192,256.3,2002,16
1607,180,8192,320.3,1251,16
1607,150,8192,259.5,2027,16
1556,150,8192,256.3,2002,16
1506,150,8192,256.3,2002,16
1569,150,8192,256.3,2002,16
1556,150,8192,256.3,2002,16
1582,150,8192,256.3,2002,16
1531,150,8192,256.3,2002,16
1506,150,8192,256.3,2002,16
1506,150,8192,256.3,2002,16
1594,150,8192,256.3,2002,16
1506,150,8192,256.3,2002,16
1518,150,8192,256.3,2002,16
1594,180,8192,256.3,2002,16
1506,150,8192,256.3,2002,16
1506,150,8192,256.3,2002,16
1506,150,8192,256.3,2002,16
1506,150,8192,256.3,2002,16
1620,150,8192,256.3,2002,16
1531,150,8192,256.3,2002,16
1531,150,8192,256.3,2002,16
1506,150,8192,256.3,2002,16
1506,150,8192,256.3,2002,16
1582,150,8192,256.3,2002,16
1620,120,6144,192.2,2002,16
1506,120,6144,192.2,2002,16
1506,120,6144,192.2,2002,16
980,120,3072,192.2,2002,16
1556,120,6144,192.2,2002,16
980,120,3072,192.2,2002,16
1506,150,8192,256.3,2002,16
980,120,3072,192.2,2002,16
1569,120,6144,192.2,2002,16
1518,120,6144,192.2,2002,16
980,120,3072,192.2,2002,16
980,120,3072,192.2,2002,16
980,120,3072,192.2,2002,16
1544,120,6144,194.6,2027,16
1518,120,2048,192.2,2002,16
1544,120,6144,194.6,2027,16
980,120,3072,192.2,2002,16
980,120,3072,197,2052,16
1556,120,6144,192.2,2002,16
1569,120,6144,197,2052,16
1569,130,6144,192.2,2002,16
1620,120,6144,192.2,2002,16
1544,120,6144,192.2,2002,16
1506,120,6144,192.2,2002,16
980,120,3072,192.2,2002,16
1531,120,6144,192.2,2002,16
980,120,3072,192.2,2002,16
1556,120,6144,192.2,2002,16
1594,120,6144,192.2,2002,16
980,120,3072,192.2,2002,16
980,120,3072,192.2,2002,16
980,120,3072,192.2,2002,16
1518,120,3072,192.2,2002,16
980,120,3072,192.2,2002,16
1620,120,6144,192.2,2002,16
980,120,3072,192.2,2002,16
980,120,3072,192.2,2002,16
1617,120,6144,192.2,2002,16
1607,120,6144,192.2,2002,16
980,120,3072,192.2,2002,16
1506,120,6144,192.2,2002,16
1506,120,6144,192.2,2002,16
1570,120,6144,192.2,2002,16
980,120,3072,192.2,2002,16
1506,120,6144,192.2,2002,16
1506,120,6144,192.2,2002,16
980,120,3072,192.2,2002,16
1506,120,6144,192.2,2002,16
980,120,3072,192.2,2002,16
980,120,3072,192.2,2002,16
1354,75,2048,112.1,1752,14
1392,75,4096,112.1,1752,16
1303,75,4096,112.1,1752,16
1366,75,4096,112.1,1752,16
1341,75,4096,112.1,1752,16
1290,75,4096,112.1,1752,16
1316,75,4096,112.1,1752,16
1303,75,4096,112.1,1752,16
1290,75,4096,112.1,1752,16
1290,75,4096,112.1,1752,16
1290,75,4096,112.1,1752,16
1379,75,4096,112.1,1752,16
1354,75,4096,112.1,1752,14
1290,75,4096,112.1,1752,16
1354,75,4096,112.1,1752,16
1341,75,4096,112.1,1752,16
1316,75,4096,112.1,1752,16
1392,75,4096,112.1,1752,16
1290,75,4096,112.1,1752,16
1290,75,4096,112.1,1752,16
1290,75,4096,112.1,1752,16
1341,75,4096,112.1,1752,16
1303,75,4096,112.1,1752,16
1366,75,4096,112.1,1752,16
1290,75,4096,112.1,1752,16
1379,75,4096,112.1,1752,16
1392,75,4096,112.1,1752,16
1366,75,4096,112.1,1752,16
1354,75,4096,112.1,1752,16
1290,75,4096,112.1,1752,16
1354,75,2048,112.1,1752,14
1290,75,4096,112.1,1752,16
1290,75,4096,112.1,1752,16
1290,75,4096,112.1,1752,16
1354,75,2048,112.1,1752,14
1404,75,2048,112.1,1752,14
1379,75,2048,112.1,1752,14
1404,75,2048,112.1,1752,14
1442,75,2048,112.1,1752,14
1366,75,2048,112.1,1752,14
1354,75,2048,112.1,1752,14
1354,75,2048,112.1,1752,14
1404,75,2048,112.1,1752,14
1379,75,2048,112.1,1752,14
1366,75,2048,112.1,1752,14
1354,75,2048,112.1,1752,14
1417,75,2048,112.1,1752,14
1442,75,2048,112.1,1752,14
1417,75,2048,112.1,1752,14
1354,75,2048,112.1,1752,14
1354,75,2048,112.1,1752,14
1430,75,2048,112.1,1752,14
1354,75,2048,112.1,1752,14
1442,75,2048,112.1,1752,14
1417,75,2048,112.1,1752,14
1110,105,2048,192.3,1502,28
1354,75,2048,112.1,1752,14
980,30,2048,32,1000,16
1442,75,2048,112.1,1752,14
1100,105,2048,192.3,1502,28
1071,105,2048,192.3,1502,28
1006,195,2048,192.3,1502,28
1006,195,4096,192.3,1502,28
1137,105,2048,198.4,1550,28
1150,195,2048,201.6,1575,28
1110,195,4096,192.3,1502,28
1202,195,2048,192.3,1502,28
1110,195,2048,192.3,1502,28
1084,195,4096,192.3,1502,28
1006,195,4096,192.3,1502,28
1071,105,4096,192.3,1502,28
1097,195,2048,198.7,1552,28
1110,105,2048,192.3,1502,28
1058,195,2048,198.7,1552,28
1084,195,2048,192.3,1502,28
1084,195,2048,198.7,1552,28
1111,105,4096,192.3,1502,28
1110,105,4096,192.3,1502,28
1006,225,4096,192.3,1502,28
1006,195,2048,192.3,1502,28
928,105,4096,192.3,1502,28
1137,105,2048,192.3,1502,28
1098,105,2048,211.5,1652,28
1058,105,2048,192.3,1502,28
915,340,4096,384.5,1502,28
915,170,2048,192.3,1502,28
967,105,2048,192.3,1502,28
915,170,2048,192.3,1502,28
1006,185,2048,195.5,1527,28
980,180,4096,192.3,1502,28
965,170,2048,192.3,1502,28
980,180,2048,192.3,1502,28
1006,105,2048,195.5,1527,28
941,105,2048,192.3,1502,28
1006,170,2048,192.3,1502,28
967,170,4096,192.3,1502,28
1006,170,4096,192.3,1502,28
1006,225,2048,198.7,1552,28
1006,170,2048,198.7,1552,28
1006,170,4096,192.3,1502,28
915,170,2048,192.3,1502,28
1019,105,2048,192.3,1502,28
941,170,2048,192.3,1502,28
1058,105,2048,192.3,1502,28
915,170,2048,192.3,1502,28
980,105,2048,192.3,1502,28
928,105,2048,192.3,1502,28
1006,340,4096,384.5,1502,28
915,170,4096,192.3,1502,28
915,170,2048,192.3,1502,28
993,140,2048,144.2,1502,28
993,105,2048,144.2,1502,28
1046,105,2048,158.6,1652,28
993,140,2048,144.2,1502,28
1033,105,4096,288.4,1502,28
915,105,2048,192.3,1502,28
1033,105,2048,144.2,1502,28
980,105,2048,144.2,1502,28
1033,105,2048,144.2,1502,28
928,150,2048,144.2,1502,28
1098,105,2048,158.6,1652,28
1033,105,2048,158.6,1652,28
1032,150,2048,144.2,1502,28
967,150,3072,144.2,1502,28
980,150,3072,144.2,1502,28
915,300,4096,288.4,1502,28
1019,105,2048,144.2,1502,28
915,190,2048,144.2,1502,28
915,150,2048,144.2,1502,28
1019,300,4096,288.4,1502,28
1033,150,2048,144.2,1502,28
1006,150,3072,144.2,1502,28
941,105,2048,144.2,1502,28
1006,150,2048,144.2,1502,28
915,150,2048,144.2,1502,28
1006,160,2048,146.6,1527,28
1032,300,4096,288.4,1502,28
1006,150,3072,144.2,1502,28
1032,150,3072,144.2,1502,28
915,105,2048,144.2,1502,28
1006,105,2048,146.6,1527,28
1046,150,2048,144.2,1502,28
1006,150,2048,144.2,1502,28
1059,105,2048,144.2,1502,28
1084,150,2048,146.4,1525,28
980,150,2048,144.2,1502,28
915,225,2048,144.2,1502,28
1046,150,2048,144.2,1502,28
1006,140,2048,146.6,1527,28
915,150,2048,144.2,1502,28
967,225,2048,144.2,1502,28
1106,150,2048,163.4,1702,28
980,140,2048,144.2,1502,28
1006,105,2048,144.2,1502,28
1006,105,2048,144.2,1502,28
980,280,4096,288.4,1502,28
1006,105,2048,146.6,1527,28
1085,105,2048,144.2,1502,28
980,140,2048,144.2,1502,28
1033,140,3072,144.2,1502,28
1033,105,2048,144.2,1502,28
1033,260,4096,288.4,1502,28
1046,105,2048,144.2,1502,28
1046,280,6144,288.4,1502,28
1006,140,2048,144.2,1502,28
980,140,2048,144.2,1502,28
1046,140,3072,144.2,1502,28
993,140,2048,144.2,1502,28
1072,140,3072,144.2,1502,28
1072,105,2048,144.2,1502,28
1072,105,2048,146.6,1527,28
1020,105,2048,144.2,1502,28
980,105,2048,144.2,1502,28
1058,64,1024,80,1250,28
823,130,3072,134.4,1400,28
823,130,1536,134.4,1400,28
993,140,2048,144.2,1502,28
928,110,2048,86.4,1350,28
980,140,2048,144.2,1502,28
1189,105,2048,89.6,1400,28
1033,105,2048,99.2,1550,28
1071,105,1024,80,1250,28
1006,140,2048,144.2,1502,28
941,105,1024,86.4,1350,28
941,105,2048,86.4,1350,28
993,105,1024,86.4,1350,28
1033,140,2048,144.2,1502,28
1032,105,1024,86.4,1350,28
928,105,1024,86.4,1350,28
954,105,1024,86.4,1350,28
1032,105,2048,86.4,1350,28
1006,105,1024,88,1375,28
1071,105,2048,86.4,1350,28
928,110,2048,86.4,1350,28
1006,100,1024,88,1375,28
966,100,1024,86.4,1350,28
928,105,1024,86.4,1350,28
1071,110,1024,86.4,1350,28
1072,140,2048,144.2,1502,28
980,150,2048,86.4,1350,28
1072,140,1024,120.3,1253,28
928,150,1024,86.4,1350,28
1006,140,2048,146.6,1527,28
954,105,1024,86.4,1350,28
1033,150,1024,86.4,1350,28
980,134,1024,120.3,1253,28
1006,105,1024,122.5,1276,28
1006,140,2048,144.2,1502,28
1032,105,1024,144.2,1502,28
1033,140,2048,144.2,1502,28
928,110,1024,86.4,1350,28
980,134,2048,144.2,1502,28
980,268,4096,288.4,1502,28
928,110,1024,86.4,1350,28
1020,150,2048,144.2,1502,28
1058,65,1024,80,1250,28
1124,105,1024,80,1250,28
1058,65,2048,80,1250,28
1058,64,1024,80,1250,28
1071,105,1024,80,1250,28
1071,105,2048,80,1250,28
1058,75,2048,80,1250,28
1084,105,1024,80,1250,28
1058,105,1024,80,1250,28
1110,105,4096,80,1250,28
1058,105,1024,80,1250,28
1058,64,1024,80,1250,28
1058,64,1024,80,1250,28
1111,105,1024,80,1250,28
1110,105,2048,80,1250,28
1058,64,1024,80,1250,28
1100,65,1024,80,1250,28
1110,105,1024,80,1250,28
1202,64,2048,80,1250,28
1110,84,1024,80,1250,28
1202,64,1024,80,1250,28
1071,75,2048,80,1250,28
1215,150,1024,81.6,1275,28
1058,64,2048,80,1250,28
1071,75,2048,80,1250,28
1058,64,1024,80,1250,28
900,65,2048,28.5,891,28
1046,49,1024,40.1,1252,28
1046,49,2048,40.1,1252,28
1046,49,1024,40.1,1252,28
902,49,1024,40,1250,28
900,65,2048,25.9,810,28
1046,49,2048,40.1,1252,28
900,65,2048,25.6,800,28
823,65,1024,64,1000,28
1050,65,2048,28.8,900,28
950,65,1024,28.5,891,28
901,65,4096,21.3,667,28
902,65,2048,28.5,891,28
900,65,2048,28.5,891,28
700,65,1024,21.3,667,40
902,25,4096,12.8,800,28
967,35,2048,16,1001,28
875,50,2048,29,905,28
810,65,1024,51.2,800,40
902,25,2048,14.4,900,28
700,65,2048,21.3,667,40
780,65,1024,22.4,700,40
810,65,4096,32,1000,40
810,65,2048,25.6,800,40
902,25,2048,14.4,900,28
700,65,4096,17.1,533,40
810,65,1024,25.6,800,40
780,65,2048,17.1,535,40
700,49,2048,8.5,533,40
700,49,2048,8,500,40
810,30,1024,14.4,898,40
700,30,1024,8.6,535,40
810,65,1024,28.8,900,40
810,29,2048,8,500,40
810,29,2048,8.5,533,40
810,29,2048,8.6,535,40
700,49,1024,14.4,900,40
810,29,2048,10.7,667,40
810,29,2048,9.6,600,40
550,29,1024,8,500,28
523,25,512,14.4,898,28
810,29,1024,14.4,900,40
523,25,1024,14.4,898,28
980,105,64,3.2,200,28
980,408,2048,318,1242,55
576,289,1792,223.8,999,55
648,204,1024,159,1242,55
633,219,896,127,1134,55
602,236,1024,141.7,1107,65
980,105,64,3.7,230,28
650,171,896,117.6,1050,55
625,171,896,123.2,1100,55
518,182,1792,112.9,1008,55
625,171,896,123.2,1100,55
655,171,896,117.6,1050,55
576,171,896,111.9,999,55
675,125,1024,64,1000,55
576,182,896,111.9,999,65
576,182,896,111.9,999,65
738,150,1024,64,1000,55
675,140,512,70.4,1100,65
675,110,512,57.6,900,65
648,105,3072,476.9,1242,55
738,150,1024,70.4,1100,55
675,120,1024,70.4,1100,55
600,58,1024,44.8,700,65
500,75,1536,24,500,55
615,58,512,32,1000,40
625,58,1024,6.4,400,40
650,75,512,57.6,900,55
625,58,1024,6.4,400,40
625,58,1024,25.3,790,40
589,31,512,6.4,400,40
589,31,1024,8,500,40
700,250,1536,177.4,924,40
589,31,512,4,500,40
550,69,1024,54.4,850,40
700,215,1280,133.9,837,40
750,250,1536,192,1000,40
700,250,1536,177.4,924,40
607,215,1280,133.9,837,40
607,105,1024,102.7,802,40
650,215,1280,136,850,40
778,160,1024,128.3,1002,40
607,200,1024,102.7,802,40
675,380,2048,230.4,900,40
855,160,1024,128.6,1005,40
650,150,1024,108.8,850,40
725,160,1024,115.2,900,40
700,160,1024,115.2,900,40
810,160,1024,124.8,975,40
765,105,1024,118.4,925,40
725,160,1024,115.2,900,40
780,160,1024,115.2,900,40
700,180,2048,115.2,900,40
715,160,1024,115.2,900,40
700,160,1024,115.2,900,40
775,225,1024,128,1000,40
763,160,1024,115.2,900,40
675,160,1024,115.2,900,40
783,106,1024,17.1,533,40
675,150,768,86.4,900,40
783,96,1024,22.4,700,40
594,75,1024,25.6,800,40
783,96,1024,22.4,700,40
783,106,1024,22.4,700,40
594,75,1024,25.6,800,40
790,106,1536,86.6,902,40
783,106,2048,57.7,902,40
930,107,1024,64,1000,40
783,106,1024,57.7,902,40
783,106,1024,57.7,902,40
850,106,1024,62.7,980,40
830,107,1024,57.7,902,40
825,106,1024,59.1,924,40
783,106,1024,57.7,902,40
930,107,1024,65.7,1026,40
882,107,1024,60.8,950,40
783,106,1024,57.7,902,40
783,106,1024,57.7,902,40
850,106,1024,60.8,950,40
810,65,1024,51.2,800,40
783,106,1024,57.7,902,40
925,106,1024,64,1000,40
810,65,1024,21.3,667,40
594,56,1536,43.2,900,40
830,65,1024,28.8,900,40
810,65,1024,21.3,667,40
810,65,1024,51.2,800,40
830,65,1024,51.2,800,40
675,160,1024,115.2,900,40
810,65,1024,51.2,800,40
822,65,1024,51.2,800,40
810,65,1024,28.8,900,40
810,65,512,51.2,800,40
700,49,2048,21.3,667,40
700,49,4096,17.1,533,40
700,60,2048,28.8,900,40
730,49,1024,21.3,667,40
785,49,1024,29.6,925,40
785,49,1024,32,1000,40
700,49,1024,25.6,800,40
700,49,4096,21.3,667,40
730,49,1024,28.8,900,40
700,49,1024,25.6,800,40
700,50,2048,16,500,40
589,25,1024,12.6,790,40
700,50,2048,28.8,900,40
700,50,2048,25.6,800,40
700,49,1024,28.8,900,40
630,365,3072,331.8,864,40
607,365,3072,327.9,854,40
630,365,3072,331.8,864,40
815,255,1536,196.8,1025,40
800,105,1536,196.6,1024,40
783,244,3072,193,1005,40
832,244,3072,201.6,1050,40
795,105,1536,192.4,1002,40
772,105,1536,192.4,1002,40
783,105,3072,193,1005,40
783,105,1536,193,1005,40
797,244,1536,194.5,1013,40
850,244,1536,201.4,1049,40
797,244,1536,194.5,1013,40
782,244,1536,192.4,1002,40
900,244,3072,202.2,1053,40
797,244,1536,194.5,1013,40
816,105,1536,192.4,1002,40
900,244,3072,202.2,1053,40
772,244,1536,192.4,1002,40
750,219,1280,156,975,40
772,244,3072,192.4,1002,40
800,219,1280,160,1000,40
732,105,1280,152,950,40
770,105,1280,160,1000,40
800,219,1280,160,1000,40
845,105,1280,152,950,40
780,219,1280,152,950,40
797,219,1280,156,975,40
750,105,1280,156,975,40
742,105,1280,152,950,40
750,219,1280,156,975,40
732,219,1280,152,950,40
950,150,1024,140.8,1100,40
820,150,1024,128.3,1002,40
732,219,2560,152,950,40
910,105,1024,128.3,1002,40
950,170,1024,140.8,1100,40
880,105,2048,192.3,1502,40
822,105,2048,128.3,1002,40
900,184,1024,134.8,1053,40
900,180,1024,134.4,1050,40
823,300,2048,256.5,1002,40
880,105,1024,131.2,1025,40
880,170,1024,134.4,1050,40
835,105,1024,131.2,1025,40
900,105,1024,134.8,1053,40
950,170,1024,134.4,1050,40
900,105,1024,128,1000,40
900,105,1024,134.4,1050,40
822,170,2048,128.3,1002,40
900,170,1024,134.8,1053,40
900,105,2048,128.3,1002,40
1000,105,1024,146.6,1145,40
900,105,1024,134.4,1050,40
822,170,2048,128.3,1002,40
830,105,1024,128,1000,40
830,105,2048,128.3,1002,40
900,105,1024,134.8,1053,40
950,105,1024,140.8,1100,40
932,150,1024,143.6,1122,40
822,170,1024,128.3,1002,40
732,210,1280,121.6,950,40
736,150,1024,91.9,957,40
750,210,1280,124.8,975,40
810,150,1024,128.3,1002,40
810,150,2048,128.3,1002,40
870,150,1024,130.6,1020,40
810,150,1024,128.3,1002,40
810,150,1024,128.3,1002,40
850,150,2048,128.3,1002,40
810,300,2048,256.3,1001,40
851,150,2048,131.3,1026,40
822,150,1024,129.3,1010,40
931,150,1024,137.9,1077,40
851,150,1024,131.3,1026,40
900,150,1024,133.1,1040,40
900,176,1024,131.3,1026,40
925,150,1024,134.4,1050,40
810,150,1024,128.3,1002,40
850,150,1024,134.4,1050,40
552,150,1280,128.3,802,40
931,150,1024,128.3,1002,40
810,150,1024,128.3,1002,40
822,150,1024,129.3,1010,40
776,150,1024,91.9,957,40
810,150,1024,128.1,1001,40
1000,105,1024,105.6,1100,40
970,105,1024,98.4,1025,40
900,250,2048,196.8,1025,40
900,116,1024,98.4,1025,40
900,116,1024,98.4,1025,40
950,105,1024,103.2,1075,40
975,105,1024,98.5,1026,40
1000,105,1024,105.6,1100,40
970,105,1024,100.8,1050,40
951,116,1024,104.5,1089,40
900,105,1024,98.4,1025,40
981,105,1024,108.3,1128,40
910,105,1024,98.5,1026,40
1000,116,1024,105.6,1100,40
900,105,2048,96.2,1002,40
950,105,1024,103.2,1075,40
900,105,1024,98.4,1025,40
910,250,2048,196.8,1025,40
910,116,1024,98.5,1026,40
900,116,1024,98.4,1025,40
720,70,3072,38.4,800,40
720,70,1536,38.4,800,40
810,29,1024,8.5,533,40
870,105,1024,63.9,999,40
598,29,1024,8,500,40
810,29,2048,14.4,898,40
810,29,1024,10.7,667,40
700,50,1024,28.8,900,40
700,29,1024,10.7,667,40
810,29,1024,14.4,900,40
810,29,2048,9.6,600,40
1202,170,4096,230.4,1800,28
810,29,1024,9.6,600,40
1291,350,8192,460.8,1800,28
810,29,1024,8.6,535,40
1291,185,4096,230.4,1800,28
1126,165,4096,224.4,1753,28
1165,170,4096,224.4,1753,28
523,25,1024,14.4,898,40
1025,250,6144,336.6,1753,28
1051,250,6144,336.6,1753,28
1253,250,6144,346.2,1803,28
1000,250,6144,336.6,1753,28
1165,250,6144,336.6,1753,28
1152,280,6144,336.6,1753,28
1000,250,6144,336.6,1753,28
1000,250,6144,336.6,1753,28
1190,250,6144,340.6,1774,28
1190,250,6144,340.6,1774,28
1000,250,6144,336.6,1753,28
1203,250,6144,340.6,1774,28
1102,250,6144,336.6,1753,28
1152,280,6144,345.6,1800,28
1152,280,6144,345.6,1800,28
1216,250,6144,345.6,1800,28
1178,250,6144,340.8,1775,28
1206,290,6144,349.4,1820,28
1216,250,6144,345.6,1800,28
1190,250,6144,336.6,1753,28
1000,250,6144,336.6,1753,28
1190,250,6144,336.6,1753,28
1203,250,6144,336.6,1753,28
1102,250,6144,336.6,1753,28
1190,250,6144,336.6,1753,28
1102,250,12288,673.2,1753,28
1102,250,6144,336.6,1753,28
1102,250,6144,336.6,1753,28
1140,250,6144,336.6,1753,28
1203,250,6144,336.6,1753,28
1190,300,6144,340.6,1774,28
1140,250,6144,336.6,1753,28
1190,275,6144,336.6,1753,28
1000,250,6144,336.6,1753,28
1216,375,6144,345.6,1800,28
1190,300,6144,336.6,1753,28
1000,250,6144,336.6,1753,28
1000,250,6144,336.6,1753,28
1127,165,4096,224.4,1753,28
1228,180,4096,224.4,1753,28
1127,180,4096,224.4,1753,28
1000,250,6144,336.6,1753,28
1203,180,4096,230.4,1800,28
1126,165,4096,224.4,1753,28
1126,180,4096,224.4,1753,28
1127,180,4096,224.4,1753,28
1152,165,4096,224.4,1753,28
1216,340,8192,448.8,1753,28
1216,105,12288,673.2,1753,28
1178,165,4096,224.4,1753,28
1216,165,4096,224.4,1753,28
1152,170,4096,224.4,1753,28
1126,165,4096,224.4,1753,28
1266,165,4096,230.4,1800,28
1126,180,4096,224.4,1753,28
1241,300,4096,227.2,1775,28
1126,165,4096,224.4,1753,28
1228,165,4096,224.4,1753,28
1228,105,8192,448.8,1753,28
1128,165,4096,224.4,1753,28
1228,165,4096,224.4,1753,28
1126,250,4096,224.4,1753,28
1241,105,8192,448.8,1753,28
1266,105,8192,448.8,1753,28
1228,250,4096,224.4,1753,28
1126,165,4096,224.4,1753,28
1304,165,4096,224.4,1753,28
1266,165,4096,224.4,1753,28
1291,165,4096,224.4,1753,28
1241,165,4096,224.4,1753,28
1279,165,4096,224.4,1753,28
1291,165,4096,224.4,1753,28
1126,165,4096,224.4,1753,28
1178,105,8192,448.8,1753,28
1126,165,4096,224.4,1753,28
1291,165,4096,224.4,1753,28
1304,165,4096,224.4,1753,28
1178,300,4096,224.4,1753,28
1241,325,8192,448.8,1753,28
1291,105,8192,448.8,1753,28
1126,225,4096,224.4,1753,28
1126,350,8192,448.8,1753,28
1126,105,12288,673.2,1753,28
1126,165,4096,224.4,1753,28
1228,105,8192,460.8,1800,28
1102,160,4096,225.4,1761,28
1152,148,4096,224.4,1753,28
1228,175,4096,230.4,1800,28
1203,175,4096,230.4,1800,28
1178,300,4096,224.4,1753,28
1317,375,4096,224.4,1753,28
1076,105,8192,448.8,1753,28
1050,150,4096,224.4,1753,28
1203,105,8192,460.8,1800,28
1050,148,4096,224.4,1753,28
1050,150,4096,224.4,1753,28
1152,150,4096,224.4,1753,28
1140,290,8192,448.8,1753,28
1140,148,4096,224.4,1753,28
1140,296,8192,224.4,1753,28
1076,150,4096,224.4,1753,28
1140,145,4096,224.4,1753,28
1102,148,4096,224.4,1753,28
1241,300,4096,224.4,1753,28
1076,148,4096,224.4,1753,28
1076,150,4096,224.4,1753,28
1165,145,4096,224.4,1753,28
1050,148,4096,224.4,1753,28
1178,145,4096,230.4,1800,28
1088,145,4096,224.4,1753,28
1178,145,4096,224.4,1753,28
1114,150,4096,224.4,1753,28
1126,145,4096,224.4,1753,28
1101,148,4096,224.4,1753,28
1178,350,8192,448.8,1753,28
1076,150,4096,224.4,1753,28
1178,150,4096,224.4,1753,28
1164,145,4096,224.4,1753,28
1216,165,4096,224.4,1753,28
1190,148,4096,227.2,1775,28
1164,105,8192,448.8,1753,28
1152,150,4096,224.4,1753,28
1152,150,4096,224.4,1753,28
1165,105,8192,448.8,1753,28
1165,150,4096,224.4,1753,28
1190,105,8192,448.8,1753,28
1190,300,8192,448.8,1753,28
1140,150,4096,224.4,1753,28
1190,145,4096,224.4,1753,28
1216,160,4096,224.4,1753,28
1216,300,8192,448.8,1753,28
1190,150,4096,224.4,1753,28
1165,150,4096,224.4,1753,28
1088,148,4096,224.4,1753,28
1050,148,4096,224.4,1753,28
1114,105,8192,448.8,1753,28
1050,148,4096,224.4,1753,28
1114,225,4096,224.4,1753,28
1216,105,4096,448.8,1753,28
1216,160,4096,224.4,1753,28
1050,148,4096,224.4,1753,28
1050,325,8192,448.8,1753,28
1088,148,4096,224.4,1753,28
1177,120,2048,112.2,1753,28
1266,120,2048,112.2,1753,28
1050,145,4096,224.4,1753,28
1177,120,2048,112.2,1753,28
1266,120,2048,112.2,1753,28
1177,120,4096,112.2,1753,28
980,140,2048,224.4,1753,28
1165,120,2048,112.2,1753,28
1266,120,4096,112.2,1753,28
980,140,4096,224.4,1753,28
1127,120,2048,112.2,1753,28
1279,120,2048,115.2,1800,28
1127,120,4096,112.2,1753,28
1127,120,4096,112.2,1753,28
1203,120,2048,115.2,1800,28
1127,120,2048,112.2,1753,28
1176,120,2048,112.2,1753,28
1241,240,8192,224.4,1753,28
1190,120,2048,112.2,1753,28
1241,120,4096,112.2,1753,28
1178,120,4096,112.2,1753,28
1127,120,2048,112.2,1753,28
941,250,3072,288.4,1502,28
1329,160,2048,115.2,1800,28
1178,120,4096,112.2,1753,28
1190,120,2048,112.2,1753,28
1006,300,3072,298,1552,28
954,105,3072,288.4,1502,28
1020,250,3072,336,1750,28
1006,250,3072,345.6,1800,28
980,250,3072,336,1750,28
1020,250,3072,336,1750,28
1085,250,3072,336,1750,28
980,250,3072,336,1750,28
1020,250,3072,336,1750,28
980,250,3072,336,1750,28
1006,250,3072,345.6,1800,28
1006,250,3072,336,1750,28
1072,250,3072,336,1750,28
1020,250,3072,336,1750,28
980,250,3072,336,1750,28
954,250,3072,336,1750,28
875,250,3072,336,1750,28
980,250,3072,297.6,1550,28
1006,250,3072,336,1750,28
1127,120,4096,112.2,1753,28
1241,120,4096,112.2,1753,28
1178,120,2048,112.2,1753,28
1127,120,2048,112.2,1753,28
1190,120,2048,112.2,1753,28
1165,120,2048,112.2,1753,28
1241,120,2048,112.2,1753,28
1216,120,2048,112.2,1753,28
1165,120,2048,112.2,1753,28
1266,120,4096,112.2,1753,28
1266,120,2048,112.2,1753,28
1241,120,4096,112.2,1753,28
1279,120,2048,112.2,1753,28
1190,120,4096,112.2,1753,28
1127,120,2048,112.2,1753,28
1279,120,2048,115.2,1800,28
1203,120,2048,115.2,1800,28
1203,120,2048,112.2,1753,28
1165,120,2048,112.2,1753,28
1190,120,4096,112.2,1753,28
1279,160,4096,112.2,1753,28
1216,120,2048,112.2,1753,28
954,105,3072,288.4,1502,28
902,250,3072,288.4,1502,28
1279,120,2048,112.2,1753,28
980,105,3072,288.4,1502,28
1046,265,3072,297.6,1550,28
900,250,3072,288.4,1502,28
954,250,6144,288.4,1502,28
1006,105,3072,298.2,1553,28
1019,105,3072,288.4,1502,28
980,105,3072,288.4,1502,28
980,250,3072,288.4,1502,28
902,105,3072,288.4,1502,28
967,250,6144,288.4,1502,28
993,250,3072,288.4,1502,28
889,250,6144,288.4,1502,28
967,250,3072,288.4,1502,28
941,250,3072,288.4,1502,28
863,105,3072,288.4,1502,28
889,105,3072,288.4,1502,28
1304,120,4096,112.2,1753,28
1006,250,3072,288.4,1502,28
1127,120,4096,112.2,1753,28
1304,120,2048,112.2,1753,28
1253,300,8192,224.4,1753,28
1253,120,2048,112.2,1753,28
1253,150,4096,112.2,1753,28
1253,150,4096,112.2,1753,28
1127,120,2048,112.2,1753,28
1127,120,2048,112.2,1753,28
1127,240,4096,224.4,1753,28
1253,120,2048,115.2,1800,28
1203,120,2048,112.3,1755,28
1089,120,2048,105.7,1652,28
1102,120,2048,108.9,1701,28
1024,94,2048,105.8,1653,28
1126,150,2048,105.8,1653,28
1076,75,2048,105.8,1653,28
1127,100,2048,106.4,1663,28
863,250,6144,288.4,1502,28
1150,105,2048,230.4,1800,28
863,250,3072,288.4,1502,28
1076,90,2048,105.8,1653,28
1059,105,2048,224.4,1753,28
1059,230,4096,224.3,1752,28
1137,105,2048,224.3,1752,28
1064,90,2048,105.8,1653,28
1137,105,4096,224.3,1752,28
1046,230,2048,218,1703,28
1059,230,4096,224.4,1753,28
1046,400,4096,448.5,1752,28
1190,150,2048,112.2,1753,28
1076,90,2048,105.8,1653,28
1137,229,2048,224.4,1753,28
1150,105,4096,448.5,1752,28
1150,105,2048,224.3,1752,28
1046,230,4096,224.3,1752,28
1137,229,4096,224.4,1753,28
1150,280,2048,224.4,1753,28
1150,256,4096,230.4,1800,28
1059,230,4096,224.3,1752,28
1150,244,2048,230.4,1800,28
1072,230,2048,224.4,1753,28
1202,230,2048,224.4,1753,28
1150,105,2048,224.3,1752,28
1046,230,2048,224.3,1752,28
1046,250,2048,218,1703,28
1111,250,2048,218,1703,28
1110,230,2048,218,1703,28
1085,250,2048,224.4,1753,28
1111,250,4096,217.9,1702,28
1085,250,2048,218,1703,28
1150,400,6144,448.8,1753,28
1024,75,2048,105.8,1653,28
1150,250,4096,224.4,1753,28
954,300,3072,288.4,1502,28
1150,105,4096,224.3,1752,28
1026,75,2048,105.8,1653,28
1178,110,2048,108.8,1700,28
1076,75,2048,105.8,1653,28
1051,90,2048,105.8,1653,28
1114,90,2048,105.8,1653,28
1178,110,2048,108.8,1700,28
1102,100,2048,105.8,1653,28
1064,100,2048,105.8,1653,28
1203,120,2048,112,1750,28
1165,110,2048,105.8,1653,28
1203,90,2048,107.7,1683,28
1190,125,2048,105.8,1653,28
1102,75,2048,105.8,1653,28
1152,110,2048,105.8,1653,28
1140,150,2048,105.8,1653,28
1126,90,2048,105.8,1653,28
1126,150,2048,105.8,1653,28
1024,180,4096,211.6,1653,28
1024,90,2048,105.8,1653,28
1058,105,4096,448.8,1753,28
980,60,2048,80,1250,28
993,170,2048,192.3,1502,28
1046,230,2048,224.3,1752,28
1203,125,2048,105.8,1653,28
1111,170,2048,192.3,1502,28
1058,230,4096,224.4,1753,28
993,170,2048,192.3,1502,28
980,170,4096,192.3,1502,28
1085,170,2048,192.3,1502,28
1085,170,4096,192.3,1502,28
1111,170,2048,198.7,1552,28
1033,170,2048,192.3,1502,28
1072,105,2048,224.4,1753,28
915,170,2048,192.3,1502,28
1111,170,4096,198.7,1552,28
1072,170,4096,198.4,1550,28
1059,170,2048,192.3,1502,28
1020,170,2048,192.3,1502,28
1085,170,2048,192.3,1502,28
1111,300,4096,224.4,1753,28
1006,170,2048,192.3,1502,28
1085,170,4096,192.3,1502,28
1058,105,2048,224.4,1753,28
1058,170,2048,192.3,1502,28
1058,170,4096,192.3,1502,28
980,170,4096,192.3,1502,28
1058,170,2048,192.3,1502,28
980,170,2048,192.3,1502,28
1033,170,2048,192.3,1502,28
1072,170,2048,198.4,1550,28
980,170,2048,192.3,1502,28
1006,160,2048,192.3,1502,28
1072,170,2048,192.3,1502,28
1072,170,2048,192.3,1502,28
1072,170,4096,192.3,1502,28
1111,170,2048,192.3,1502,28
980,170,4096,192.3,1502,28
1111,170,2048,198.7,1552,28
980,35,2048,16,1000,28
1006,170,2048,192.3,1502,28
1085,170,4096,192.3,1502,28
1006,170,2048,192.3,1502,28
1072,170,2048,192.3,1502,28
1006,250,4096,384.5,1502,28
823,130,3072,134.4,1400,28
1085,170,4096,192.3,1502,28
823,130,1536,134.4,1400,28
1033,55,1024,80,1250,28
1033,55,2048,80,1250,28
1033,60,1024,86.4,1350,28
1229,90,2048,96.1,1502,28
980,170,2048,192.3,1502,28
1229,55,1024,86.4,1350,28
1202,60,2048,96.1,1502,28
1032,60,2048,86.4,1350,28
1046,60,2048,86.4,1350,28
1085,60,2048,88,1375,28
1202,90,2048,96.1,1502,28
1058,60,2048,86.4,1350,28
1059,60,2048,86.4,1350,28
1046,60,2048,86.4,1350,28
1020,60,2048,86.4,1350,28
1072,60,2048,86.4,1350,28
1163,60,2048,86.4,1350,28
1085,60,2048,86.4,1350,28
1059,75,4096,86.4,1350,28
1032,60,2048,86.4,1350,28
1215,60,2048,86.4,1350,28
1032,75,2048,86.4,1350,28
1032,60,2048,86.4,1350,28
1072,60,2048,86.4,1350,28
1110,60,2048,86.4,1350,28
980,350,4096,384.5,1502,28
1202,90,2048,96.1,1502,28
1189,85,2048,86.4,1350,28
1176,60,2048,86.4,1350,28
1085,60,2048,88,1375,28
1020,65,2048,86.4,1350,28
1020,60,2048,86.4,1350,28
1058,60,2048,86.4,1350,28
1020,60,2048,86.4,1350,28
1020,60,2048,86.4,1350,28
1085,55,1024,81.6,1275,28
1020,60,2048,86.4,1350,28
1072,150,2048,86.4,1350,28
1020,55,1024,80.2,1253,28
1124,65,2048,86.4,1350,28
1020,55,2048,80,1250,28
1020,55,2048,80,1250,28
1059,55,2048,80.2,1253,28
1020,55,2048,80,1250,28
1085,55,2048,80.2,1253,28
1059,55,1024,80.2,1253,28
1124,75,4096,86.4,1350,28
1072,170,2048,198.4,1550,28
1058,105,1024,80.2,1253,28
1215,55,1024,80.2,1253,28
1072,55,1024,80,1250,28
1085,55,1024,80.2,1253,28
1058,105,2048,80.2,1253,28
1215,55,2048,80.2,1253,28
1085,55,1024,81.6,1275,28
1020,55,2048,80,1250,28
1020,55,1024,80,1250,28
1058,55,2048,80.2,1253,28
1033,55,4096,28.8,900,28
1058,55,1024,80.2,1253,28
1085,55,2048,81.6,1275,28
1020,55,2048,80,1250,28
1006,64,2048,80,1250,28
1071,64,2048,80,1250,28
1100,64,2048,83.2,1300,28
1006,64,1024,80,1250,28
1058,64,2048,80,1250,28
1058,64,2048,80,1250,28
1058,64,1024,80,1250,28
993,64,2048,80,1250,28
1058,64,1024,80,1250,28
1072,64,2048,80,1250,28
1085,64,1024,80,1250,28
1085,64,4096,80,1250,28
993,64,1024,80,1250,28
1202,64,2048,80,1250,28
1085,64,2048,80,1250,28
1033,64,1024,80,1250,28
1202,64,1024,80,1250,28
993,64,2048,28.5,891,28
993,64,1024,28.5,891,28
1059,64,4096,21.3,667,28
1059,64,4096,28.5,891,28
1033,64,2048,80,1250,28
993,64,1024,80,1250,28
1059,64,2048,28.5,891,28
1059,64,2048,21.3,667,28
993,64,2048,28.8,900,28
993,64,2048,28.5,891,28
700,49,4096,16,500,40
700,49,2048,28.8,900,40
700,49,4096,17.1,533,40
1058,55,2048,80.2,1253,28
700,49,2048,28.8,900,40
700,49,2048,21.3,667,40
700,49,2048,21.3,667,40
810,65,2048,17.1,533,40
700,49,1024,28.8,900,40
700,75,2048,28.8,900,40
700,49,4096,28.8,900,40
1006,49,2048,40.1,1253,28
902,38,2048,40,1250,28
902,38,2048,40.1,1253,28
902,38,1024,40.1,1253,28
1006,49,1024,40.1,1253,28
902,38,2048,40,1250,28
1006,49,1024,40.1,1253,28
902,23,2048,14.4,900,28
902,25,1024,40,1250,28
902,23,1024,14.4,900,28
902,38,1024,40.1,1253,28
700,49,1024,28.8,900,40
902,38,2048,40,1250,28
902,23,4096,14.4,902,28
902,25,2048,40,1250,28
797,19,1024,40,1250,28
797,19,2048,40,1250,28
902,23,2048,14.4,900,28
980,105,64,3.7,230,28
954,19,2048,14.4,900,28
810,30,1024,14.4,898,40
797,19,1024,14.4,900,28
980,4,64,2.7,166,28
980,4,64,1.3,166,28
954,25,2048,14.4,900,28
980,105,64,3.2,200,28
980,105,32,2.7,166,28
980,105,256,14.4,450,28
980,105,32,1.3,166,28
980,105,256,3.2,200,28
980,105,256,4,250,28
980,105,128,3.2,200,28
980,105,256,3.2,200,28
980,105,128,3.2,200,28
980,105,128,5.6,350,28
980,105,128,3.2,200,28
980,105,128,4.4,275,28
980,105,128,5.2,325,28
954,25,2048,14.4,900,28
980,105,128,4.4,275,28
980,105,64,1.3,166,28
980,105,128,3.2,200,28
980,105,128,1.8,222,28
980,105,128,4.4,275,28
980,55,256,32,500,28
980,105,128,1.3,166,28
980,105,256,16,500,28
980,105,256,32,500,28
980,105,256,3.2,200,28
980,48,128,15.2,475,28
980,105,256,5.3,333,28
980,105,256,2.1,266,28
980,105,32,3.2,200,28
980,28,256,4.4,275,28
980,105,128,2.8,350,28
980,105,2048,8.5,533,28
980,105,2048,107.05,1150,28
980,105,2048,107.05,1150,28
980,105,2048,107.05,1150,28
980,105,2048,107.05,1150,28
980,105,256,8.8,275,28
